_id,draft_year,birthYear,height,salary,PER,PTS,TS%,MP,OWS,DWS,WS/48,FG%,AST,T,draft_team_Atlanta Hawks,draft_team_Boston Celtics,draft_team_Charlotte Bobcats,draft_team_Charlotte Hornets,draft_team_Chicago Bulls,draft_team_Cleveland Cavaliers,draft_team_Dallas Mavericks,draft_team_Denver Nuggets,draft_team_Detroit Pistons,draft_team_Golden State Warriors,draft_team_Houston Rockets,draft_team_Indiana Pacers,draft_team_Kansas City Kings,draft_team_Los Angeles Clippers,draft_team_Los Angeles Lakers,draft_team_Memphis Grizzlies,draft_team_Miami Heat,draft_team_Milwaukee Bucks,draft_team_Minnesota Timberwolves,draft_team_New Jersey Nets,draft_team_New Orleans Hornets,draft_team_New Orleans Pelicans,draft_team_New Orleans/Oklahoma City Hornets,draft_team_New York Knicks,draft_team_Oklahoma City Thunder,draft_team_Orlando Magic,draft_team_Philadelphia 76ers,draft_team_Phoenix Suns,draft_team_Portland Trail Blazers,draft_team_Sacramento Kings,draft_team_San Antonio Spurs,draft_team_San Diego Clippers,draft_team_Seattle SuperSonics,draft_team_Toronto Raptors,draft_team_Utah Jazz,draft_team_Vancouver Grizzlies,draft_team_Washington Bullets,draft_team_Washington Wizards,position_Center,position_Point Guard,position_Power Forward,position_Shooting Guard,position_Small Forward
abdulta01,1997.0,1974.0,198.0,3012237.777777778,9.655555555555555,289.44444444444446,0.40344444444444444,735.7777777777778,-0.08888888888888889,0.6666666666666666,0.005333333333333334,0.3582222222222222,40.77777777777778,False,0,0,0,0,0,0,0,0,0,0,0,0,0,0,0,0,0,0,0,0,0,0,0,0,0,0,0,0,0,1,0,0,0,0,0,0,0,0,0,0,0,1,0
adamsst01,2013.0,1993.0,213.0,2423849.25,14.325,585.75,0.575,1842.75,2.575,2.375,0.1275,0.55775,64.25,False,0,0,0,0,0,0,0,0,0,0,0,0,0,0,0,0,0,0,0,0,0,0,0,0,1,0,0,0,0,0,0,0,0,0,0,0,0,0,1,0,0,0,0
aldrico01,2010.0,1988.0,211.0,2121674.0,12.816666666666668,102.16666666666667,0.5558333333333333,344.5,0.21666666666666667,0.48333333333333334,0.09433333333333332,0.5313333333333333,16.666666666666668,False,0,0,0,0,0,0,0,0,0,0,0,0,0,0,0,0,0,0,0,0,1,0,0,0,0,0,0,0,0,0,0,0,0,0,0,0,0,0,1,0,0,0,0
alexaco02,2000.0,1977.0,185.0,1378776.0,11.1,461.6,0.4774,1089.8,0.48,0.52,0.0364,0.413,57.8,False,0,0,0,0,0,0,0,0,0,0,0,0,0,0,0,0,0,0,0,0,0,0,0,0,0,1,0,0,0,0,0,0,0,0,0,0,0,0,0,1,0,0,0
alexajo01,2008.0,1986.0,203.0,2493240.0,6.449999999999999,141.0,0.3835,372.5,-0.15,0.35,0.03,0.2915,22.0,True,0,0,0,0,0,0,0,0,0,0,0,0,0,0,0,0,0,1,0,0,0,0,0,0,0,0,0,0,0,0,0,0,0,0,0,0,0,0,0,0,0,0,1
allenra02,1996.0,1975.0,203.0,5057472.0,18.639999999999997,1435.0,0.5648,2747.4,6.540000000000001,1.6200000000000003,0.1416,0.44860000000000005,285.2,True,0,0,0,0,0,0,0,0,0,0,0,0,0,0,0,0,0,0,1,0,0,0,0,0,0,0,0,0,0,0,0,0,0,0,0,0,0,0,0,0,0,1,0
aminual01,2010.0,1990.0,206.0,2589552.8,12.299999999999999,479.0,0.5038,1681.2,0.39999999999999997,1.8799999999999997,0.06520000000000001,0.4332,80.4,True,0,0,0,0,0,0,0,0,0,0,0,0,0,1,0,0,0,0,0,0,0,0,0,0,0,0,0,0,0,0,0,0,0,0,0,0,0,0,0,0,1,0,0
anderde01,1997.0,1974.0,196.0,2512928.0,16.26,857.0,0.5364000000000001,1947.4,3.2399999999999998,1.9799999999999998,0.124,0.4128,221.8,False,0,0,0,0,0,1,0,0,0,0,0,0,0,0,0,0,0,0,0,0,0,0,0,0,0,0,0,0,0,0,0,0,0,0,0,0,0,0,0,0,0,1,0
anderni01,1989.0,1968.0,198.0,1236250.0,16.424999999999997,1259.25,0.523,2476.25,2.8499999999999996,2.65,0.10200000000000001,0.46425,207.0,False,0,0,0,0,0,0,0,0,0,0,0,0,0,0,0,0,0,0,0,0,0,0,0,0,0,1,0,0,0,0,0,0,0,0,0,0,0,0,0,0,0,1,0
anderwi01,1988.0,1967.0,201.0,1018750.0,13.025000000000002,879.5,0.49825,1944.75,0.8750000000000001,2.35,0.0625,0.46,277.75,True,0,0,0,0,0,0,0,0,0,0,0,0,0,0,0,0,0,0,0,0,0,0,0,0,0,0,0,0,0,0,1,0,0,0,0,0,0,0,0,0,0,1,0
antetgi01,2013.0,1994.0,211.0,2153785.25,17.625,1184.25,0.5587500000000001,2526.5,3.6,3.125,0.11975,0.483,284.0,False,0,0,0,0,0,0,0,0,0,0,0,0,0,0,0,0,0,1,0,0,0,0,0,0,0,0,0,0,0,0,0,0,0,0,0,0,0,0,0,1,0,0,0
anthogr01,1991.0,1967.0,183.0,1269000.0,14.180000000000001,574.6,0.4997999999999999,1648.4,1.44,2.56,0.1182,0.40619999999999995,342.6,False,0,0,0,0,0,0,0,0,0,0,0,0,0,0,0,0,0,0,0,0,0,0,0,1,0,0,0,0,0,0,0,0,0,0,0,0,0,0,0,1,0,0,0
araujra01,2004.0,1980.0,211.0,2238960.0,6.633333333333333,129.66666666666666,0.4466666666666667,528.3333333333334,-0.5666666666666668,0.46666666666666673,-0.007666666666666668,0.405,13.666666666666666,True,0,0,0,0,0,0,0,0,0,0,0,0,0,0,0,0,0,0,0,0,0,0,0,0,0,0,0,0,0,0,0,0,0,1,0,0,0,0,1,0,0,0,0
armsthi01,2006.0,1984.0,211.0,1988343.2,8.2,101.8,0.45949999999999996,410.4,-0.11000000000000001,0.4999999999999999,0.012899999999999998,0.43900000000000006,13.2,False,0,0,0,0,0,0,0,0,0,0,0,0,0,0,0,0,0,0,0,0,0,0,1,0,0,0,0,0,0,0,0,0,0,0,0,0,0,0,1,0,0,0,0
augmost01,1991.0,1968.0,203.0,1447100.0,15.88,1071.2,0.5442,2375.6,3.02,2.54,0.11079999999999998,0.4888,178.4,True,1,0,0,0,0,0,0,0,0,0,0,0,0,0,0,0,0,0,0,0,0,0,0,0,0,0,0,0,0,0,0,0,0,0,0,0,0,0,0,0,0,0,1
augusdj01,2008.0,1987.0,206.0,2774262.0,13.419999999999998,684.8,0.5328,1754.2,2.3400000000000003,1.16,0.0916,0.39160000000000006,283.6,True,0,0,1,0,0,0,0,0,0,0,0,0,0,0,0,0,0,0,0,0,0,0,0,0,0,0,0,0,0,0,0,0,0,0,0,0,0,0,0,1,0,0,0
aventan01,1991.0,1969.0,206.0,700000.0,9.083333333333332,376.1666666666667,0.436,1279.8333333333333,-0.9,1.1500000000000001,0.013166666666666669,0.3948333333333333,55.166666666666664,False,1,0,0,0,0,0,0,0,0,0,0,0,0,0,0,0,0,0,0,0,0,0,0,0,0,0,0,0,0,0,0,0,0,0,0,0,0,0,0,0,1,0,0
averywi01,1999.0,1979.0,188.0,1286200.0,7.033333333333334,126.33333333333333,0.41133333333333333,401.6666666666667,-0.5,0.19999999999999998,-0.03866666666666667,0.32666666666666666,66.33333333333333,False,0,0,0,0,0,0,0,0,0,0,0,0,0,0,0,0,0,0,1,0,0,0,0,0,0,0,0,0,0,0,0,0,0,0,0,0,0,0,0,1,0,0,0
baglejo01,1982.0,1960.0,183.0,269666.6666666667,14.433333333333332,827.6666666666666,0.49466666666666664,2351.6666666666665,1.2,2.1999999999999997,0.06966666666666667,0.44566666666666666,603.6666666666666,False,0,0,0,0,0,1,0,0,0,0,0,0,0,0,0,0,0,0,0,0,0,0,0,0,0,0,0,0,0,0,0,0,0,0,0,0,0,0,0,1,0,0,0
baileth01,1983.0,1961.0,211.0,344666.6666666667,15.333333333333334,1337.3333333333333,0.5263333333333334,2547.6666666666665,1.7666666666666668,3.633333333333333,0.10033333333333333,0.4766666666666666,149.66666666666666,True,0,0,0,0,0,0,0,0,0,0,0,0,0,0,0,0,0,0,0,0,0,0,0,0,0,0,0,0,0,0,0,0,0,0,1,0,0,0,0,0,1,0,0
bakervi01,1993.0,1971.0,211.0,2705134.6,18.32,1499.2,0.5362,3068.6,4.16,2.82,0.11000000000000001,0.5039999999999999,206.8,True,0,0,0,0,0,0,0,0,0,0,0,0,0,0,0,0,0,1,0,0,0,0,0,0,0,0,0,0,0,0,0,0,0,0,0,0,0,0,0,0,1,0,0
banksma01,2003.0,1981.0,188.0,2650568.3333333335,12.255555555555556,300.77777777777777,0.5405555555555556,796.1111111111111,0.3111111111111111,0.711111111111111,0.060111111111111115,0.4396666666666667,105.77777777777777,False,0,0,0,0,0,0,0,0,0,0,0,0,0,0,0,1,0,0,0,0,0,0,0,0,0,0,0,0,0,0,0,0,0,0,0,0,0,0,0,1,0,0,0
barneha02,2012.0,1992.0,190.0,6952405.6,12.559999999999999,921.0,0.537,2285.0,2.12,2.34,0.09380000000000001,0.4508,112.8,True,0,0,0,0,0,0,0,0,0,1,0,0,0,0,0,0,0,0,0,0,0,0,0,0,0,0,0,0,0,0,0,0,0,0,0,0,0,0,0,0,1,0,0
barrybr01,1995.0,1971.0,198.0,1799794.2857142857,14.114285714285714,551.5714285714286,0.5571428571428572,1442.7142857142858,2.1,0.9571428571428572,0.09814285714285716,0.4231428571428571,156.71428571428572,False,0,0,0,0,0,0,0,1,0,0,0,0,0,0,0,0,0,0,0,0,0,0,0,0,0,0,0,0,0,0,0,0,0,0,0,0,0,0,0,0,0,0,1
battish01,2001.0,1978.0,203.0,3044024.4,14.74,832.0,0.5576,2556.4,4.0,2.7600000000000002,0.12940000000000002,0.45759999999999995,136.8,True,0,0,0,0,0,0,0,0,0,0,0,0,0,0,0,1,0,0,0,0,0,0,0,0,0,0,0,0,0,0,0,0,0,0,0,0,0,0,0,0,0,0,1
battito01,1997.0,1976.0,211.0,2703160.0,14.719999999999999,438.0,0.5329999999999999,1359.2,1.52,1.6800000000000002,0.11380000000000001,0.504,45.4,True,0,0,0,0,0,0,0,1,0,0,0,0,0,0,0,0,0,0,0,0,0,0,0,0,0,0,0,0,0,0,0,0,0,0,0,0,0,0,1,0,0,0,0
bayleje01,2008.0,1988.0,190.0,2436674.285714286,12.842857142857143,458.0,0.5171428571428571,1060.142857142857,1.042857142857143,0.7285714285714285,0.06157142857142857,0.40285714285714286,166.28571428571428,False,0,0,0,0,0,0,0,0,0,0,0,1,0,0,0,0,0,0,0,0,0,0,0,0,0,0,0,0,0,0,0,0,0,0,0,0,0,0,0,1,0,0,0
bedfowi01,1986.0,1963.0,213.0,743750.0,12.25,186.5,0.473,430.0,0.15,0.65,0.076,0.437,18.0,True,0,0,0,0,0,0,0,0,0,0,0,0,0,0,0,0,0,0,0,0,0,0,0,0,0,0,0,1,0,0,0,0,0,0,0,0,0,0,1,0,0,0,0
bendejo01,1999.0,1981.0,211.0,3233757.0,10.959999999999999,257.8,0.4974,688.2,0.12,0.6599999999999999,0.0318,0.40540000000000004,29.6,True,0,0,0,0,0,0,0,0,0,0,0,0,0,0,0,0,0,0,0,0,0,0,0,0,0,0,0,0,0,0,0,0,0,1,0,0,0,0,0,0,0,0,1
berrywa01,1986.0,1964.0,203.0,306250.0,14.525000000000002,622.5,0.5479999999999999,1158.0,1.175,0.875,0.08075,0.51975,66.0,False,0,0,0,0,0,0,0,0,0,0,0,0,0,0,0,0,0,0,0,0,0,0,0,0,0,0,0,0,1,0,0,0,0,0,0,0,0,0,0,0,1,0,0
biedran01,2004.0,1986.0,211.0,3441755.2,16.580000000000002,536.2,0.597,1541.4,2.9,1.9799999999999998,0.15020000000000003,0.6035999999999999,64.0,False,0,0,0,0,0,0,0,0,0,1,0,0,0,0,0,0,0,0,0,0,0,0,0,0,0,0,0,0,0,0,0,0,0,0,0,0,0,0,1,0,0,0,0
biyombi01,2011.0,1992.0,206.0,3145855.6,12.820000000000002,338.6,0.5443999999999999,1552.8,1.06,1.9600000000000002,0.1012,0.5222,23.0,True,0,0,0,0,0,0,0,0,0,0,0,0,0,0,0,0,0,0,0,0,0,0,0,0,0,0,0,0,0,1,0,0,0,0,0,0,0,0,1,0,0,0,0
blackro01,1981.0,1959.0,198.0,358053.0,18.35,1680.0,0.571,2810.5,6.0,1.1,0.122,0.511,280.0,True,0,0,0,0,0,0,1,0,0,0,0,0,0,0,0,0,0,0,0,0,0,0,0,0,0,0,0,0,0,0,0,0,0,0,0,0,0,0,0,0,0,1,0
blaylmo01,1989.0,1967.0,183.0,847500.0,16.25,1050.0,0.48050000000000004,2717.0,2.725,3.3499999999999996,0.10475000000000001,0.422,598.25,False,0,0,0,0,0,0,0,0,0,0,0,0,0,0,0,0,0,0,0,1,0,0,0,0,0,0,0,0,0,0,0,0,0,0,0,0,0,0,0,1,0,0,0
boguemu01,1987.0,1965.0,160.0,577750.0,14.35,528.5,0.47325,2118.0,1.975,1.65,0.0795,0.437,609.0,False,0,0,0,0,0,0,0,0,0,0,0,0,0,0,0,0,0,0,0,0,0,0,0,0,0,0,0,0,0,0,0,0,0,0,0,0,1,0,0,1,0,0,0
bookede01,2015.0,1996.0,198.0,2175720.0,13.25,1387.0,0.533,2419.0,1.2999999999999998,0.6499999999999999,0.039,0.423,234.0,False,0,0,0,0,0,0,0,0,0,0,0,0,0,0,0,0,0,0,0,0,0,0,0,0,0,0,0,1,0,0,0,0,0,0,0,0,0,0,0,0,0,1,0
brandte01,1991.0,1970.0,180.0,839800.0,17.68,854.8,0.516,1861.2,2.9,2.3,0.122,0.446,349.0,False,0,0,0,0,0,1,0,0,0,0,0,0,0,0,0,0,0,0,0,0,0,0,0,0,0,0,0,0,0,0,0,0,0,0,0,0,0,0,0,1,0,0,0
breweco01,2007.0,1986.0,206.0,3192453.714285714,12.028571428571428,463.85714285714283,0.49071428571428566,1271.2857142857142,-0.11428571428571423,0.9428571428571428,0.053428571428571436,0.4170000000000001,85.0,True,0,0,0,0,0,0,0,0,0,0,0,0,0,0,0,0,0,0,1,0,0,0,0,0,0,0,0,0,0,0,0,0,0,0,0,0,0,0,0,0,0,1,0
brewero02,2006.0,1985.0,193.0,2583800.4285714286,13.528571428571428,544.2857142857143,0.5205714285714286,1519.0,2.1857142857142855,2.0285714285714285,0.11085714285714286,0.4695714285714286,112.14285714285714,False,0,0,0,0,0,0,0,0,0,0,0,0,0,0,0,0,0,0,0,0,0,0,0,0,0,0,0,0,0,0,0,0,0,0,1,0,0,0,0,0,0,1,0
brownke01,2001.0,1981.0,201.0,1796131.3333333333,11.266666666666667,133.0,0.49866666666666665,484.0,0.36666666666666664,0.5,0.07866666666666666,0.4000000000000001,27.833333333333332,False,0,1,0,0,0,0,0,0,0,0,0,0,0,0,0,0,0,0,0,0,0,0,0,0,0,0,0,0,0,0,0,0,0,0,0,0,0,0,0,0,0,0,1
brownri01,1980.0,1958.0,208.0,160000.0,7.5,195.0,0.439,814.0,-0.6,1.0,0.024,0.406,25.0,False,0,0,0,0,0,0,0,0,0,1,0,0,0,0,0,0,0,0,0,0,0,0,0,0,0,0,0,0,0,0,0,0,0,0,0,0,0,0,1,0,0,0,0
bryanko01,1996.0,1978.0,198.0,4526248.0,19.6,1235.6,0.5478000000000001,2072.4,4.8,2.2600000000000002,0.1508,0.4484,228.2,False,0,0,0,1,0,0,0,0,0,0,0,0,0,0,0,0,0,0,0,0,0,0,0,0,0,0,0,0,0,0,0,0,0,0,0,0,0,0,0,0,0,1,0
burketr01,2013.0,1992.0,185.0,2758039.5,12.5,708.0,0.49175,1654.75,0.75,0.7749999999999999,0.045000000000000005,0.404,243.0,True,0,0,0,0,0,0,0,0,0,0,0,0,0,0,0,0,0,0,1,0,0,0,0,0,0,0,0,0,0,0,0,0,0,0,0,0,0,0,0,1,0,0,0
burksal01,2011.0,1991.0,198.0,3728336.0,13.719999999999999,550.2,0.5208,1193.0,1.16,0.6200000000000001,0.0738,0.42380000000000007,100.8,False,0,0,0,0,0,0,0,0,0,0,0,0,0,0,0,0,0,0,0,0,0,0,0,0,0,0,0,0,0,0,0,0,0,0,1,0,0,0,0,0,0,1,0
burtowi01,1990.0,1968.0,203.0,1068000.0,13.116666666666667,646.0,0.5325,1298.1666666666667,0.9833333333333334,0.8166666666666665,0.06616666666666667,0.41900000000000004,79.5,True,0,0,0,0,0,0,0,0,0,0,0,0,0,0,0,0,1,0,0,0,0,0,0,0,0,0,0,0,0,0,0,0,0,0,0,0,0,0,0,0,0,0,1
butleca01,2002.0,1980.0,201.0,3062755.4,15.379999999999999,1108.0,0.5084,2563.2,2.48,2.38,0.0888,0.4318000000000001,180.8,True,0,0,0,0,0,0,0,0,0,0,0,0,0,0,0,0,1,0,0,0,0,0,0,0,0,0,0,0,0,0,0,0,0,0,0,0,0,0,0,0,0,0,1
bynuman01,2005.0,1987.0,213.0,4277451.6,17.12,572.4,0.5704,1312.4,2.5000000000000004,1.9599999999999997,0.14420000000000002,0.5452,60.6,True,0,0,0,0,0,0,0,0,0,0,0,0,0,0,1,0,0,0,0,0,0,0,0,0,0,0,0,0,0,0,0,0,0,0,0,0,0,0,1,0,0,0,0
cagemi01,1984.0,1962.0,206.0,623333.3333333334,14.466666666666667,797.3333333333334,0.536,2254.0,2.433333333333333,2.5666666666666664,0.09966666666666667,0.48233333333333334,105.66666666666667,False,0,0,0,0,0,0,0,0,0,0,0,0,0,1,0,0,0,0,0,0,0,0,0,0,0,0,0,0,0,0,0,0,0,0,0,0,0,0,1,0,0,0,0
caldwke01,2013.0,1993.0,196.0,2998909.75,11.45,916.25,0.506,2372.0,1.675,1.9500000000000002,0.07125000000000001,0.404,123.75,True,0,0,0,0,0,0,0,0,1,0,0,0,0,0,0,0,0,0,0,0,0,0,0,0,0,0,0,0,0,0,0,0,0,0,0,0,0,0,0,0,0,1,0
carran01,1983.0,1961.0,206.0,367500.0,14.95,410.5,0.5715,870.5,1.15,1.1,0.1245,0.5355000000000001,58.5,True,0,0,0,0,0,0,0,0,1,0,0,0,0,0,0,0,0,0,0,0,0,0,0,0,0,0,0,0,0,0,0,0,0,0,0,0,0,0,0,0,0,0,1
cartemi01,2013.0,1991.0,198.0,2447267.6666666665,13.750000000000002,669.8333333333334,0.4691666666666667,1534.5,-1.0666666666666667,1.8,0.02566666666666667,0.40466666666666673,286.5,False,0,0,0,0,0,0,0,0,0,0,0,0,0,0,0,0,0,0,0,0,0,0,0,0,0,0,1,0,0,0,0,0,0,0,0,0,0,0,0,1,0,0,0
cartevi01,1998.0,1977.0,198.0,3918700.4,22.080000000000002,1491.6,0.5314000000000001,2344.2,6.2,1.98,0.16040000000000001,0.454,228.8,True,0,0,0,0,0,0,0,0,0,1,0,0,0,0,0,0,0,0,0,0,0,0,0,0,0,0,0,0,0,0,0,0,0,0,0,0,0,0,0,0,0,0,1
catoke01,1997.0,1974.0,211.0,2965048.0,14.34,331.6,0.5501999999999999,1134.8,1.5599999999999998,1.56,0.13240000000000002,0.515,21.6,False,0,0,0,0,0,0,1,0,0,0,0,0,0,0,0,0,0,0,0,0,0,0,0,0,0,0,0,0,0,0,0,0,0,0,0,0,0,0,1,0,0,0,0
caulewi01,2015.0,1993.0,213.0,3474720.0,15.85,537.0,0.573,1416.5,1.9,1.45,0.115,0.5465,58.5,True,0,0,0,0,0,0,0,0,0,0,0,0,0,0,0,0,0,0,0,0,0,0,0,0,0,0,0,0,0,1,0,0,0,0,0,0,0,0,1,0,0,0,0
chambto01,1981.0,1959.0,208.0,587000.0,16.8,1481.0,0.5555000000000001,2471.0,2.75,2.7,0.10650000000000001,0.47450000000000003,170.5,True,0,0,0,0,0,0,0,0,0,0,0,0,0,0,0,0,0,0,0,0,0,0,0,0,0,0,0,0,0,0,0,1,0,0,0,0,0,0,0,0,1,0,0
chapmre01,1988.0,1967.0,193.0,1029000.0,12.399999999999999,609.6666666666666,0.49183333333333334,1125.5,0.4333333333333333,0.36666666666666664,0.0061666666666666675,0.4418333333333333,120.0,True,0,0,0,1,0,0,0,0,0,0,0,0,0,0,0,0,0,0,0,0,0,0,0,0,0,0,0,0,0,0,0,0,0,0,0,0,0,0,0,0,0,1,0
cheanca01,1993.0,1971.0,201.0,2800000.0,12.8,1002.8,0.5166,2366.2,1.5599999999999998,1.54,0.0608,0.47119999999999995,148.8,True,0,0,0,0,0,0,0,0,0,0,0,0,0,0,0,0,0,0,0,0,0,0,0,0,0,0,0,0,0,0,0,0,0,0,0,0,1,0,0,0,0,0,1
childjo01,2004.0,1983.0,203.0,2915732.25,16.25,790.5,0.6005,2230.75,4.6,1.225,0.126,0.52425,131.5,True,1,0,0,0,0,0,0,0,0,0,0,0,0,0,0,0,0,0,0,0,0,0,0,0,0,0,0,0,0,0,0,0,0,0,0,0,0,0,0,0,0,1,0
chrisma01,2016.0,1997.0,208.0,2941440.0,12.3,753.0,0.529,1743.0,0.3,1.5,0.05,0.449,60.0,True,0,0,0,0,0,0,0,0,0,0,0,0,0,0,0,0,0,0,0,0,0,0,0,0,0,0,0,0,0,1,0,0,0,0,0,0,0,0,0,0,1,0,0
clarkea01,2009.0,1988.0,208.0,2512506.6666666665,10.166666666666666,170.11111111111111,0.4505555555555556,529.8888888888889,-0.2222222222222222,0.6222222222222222,0.027333333333333334,0.39066666666666666,17.555555555555557,False,0,0,0,0,0,0,0,0,0,0,0,0,0,0,0,0,0,0,0,0,0,0,0,0,0,0,0,1,0,0,0,0,0,0,0,0,0,0,0,0,1,0,0
clarkke01,1998.0,1975.0,211.0,1849251.857142857,14.8,502.57142857142856,0.5178571428571429,1380.5714285714287,1.1571428571428573,1.9857142857142858,0.09671428571428572,0.48528571428571426,56.142857142857146,False,0,0,0,0,0,0,0,0,0,0,0,0,0,0,0,0,0,0,0,0,0,0,0,0,0,1,0,0,0,0,0,0,0,0,0,0,0,0,0,0,1,0,0
cleavma01,2000.0,1977.0,188.0,1194570.0,5.800000000000001,130.25,0.41974999999999996,385.25,-0.525,0.375,-0.096,0.36474999999999996,62.25,False,0,0,0,0,0,0,0,0,1,0,0,0,0,0,0,0,0,0,0,0,0,0,0,0,0,0,0,0,0,0,0,0,0,0,0,0,0,0,0,1,0,0,0
collija02,2000.0,1977.0,193.0,1335060.0,11.125,153.75,0.47575,408.25,0.07500000000000001,0.1,0.0455,0.43675,8.5,False,0,0,0,0,0,0,0,0,0,0,0,0,0,0,0,0,0,1,0,0,0,0,0,0,0,0,0,0,0,0,0,0,0,0,0,0,0,0,1,0,0,0,0
collini01,2003.0,1980.0,208.0,3008937.5,14.55,628.25,0.55225,1861.25,2.475,1.35,0.10025,0.516,75.25,False,0,0,0,0,0,0,0,0,0,0,0,0,0,0,0,0,0,0,0,0,0,0,0,0,0,0,0,0,0,0,0,0,1,0,0,0,0,0,0,0,1,0,0
connele01,1982.0,1959.0,193.0,180000.0,12.95,392.0,0.47950000000000004,1335.5,0.9,0.75,0.0605,0.41300000000000003,206.0,False,0,0,0,0,0,0,0,0,0,1,0,0,0,0,0,0,0,0,0,0,0,0,0,0,0,0,0,0,0,0,0,0,0,0,0,0,0,0,0,0,0,1,0
couside01,2010.0,1990.0,211.0,5900276.8,21.56,1323.6,0.5214000000000001,2171.8,1.8199999999999998,2.88,0.1056,0.4612,184.4,True,0,0,0,0,0,0,0,0,0,0,0,0,0,0,0,0,0,0,0,0,0,0,0,0,0,0,0,0,0,1,0,0,0,0,0,0,0,0,1,0,0,0,0
crawfja01,2000.0,1980.0,196.0,2804299.4,14.059999999999999,795.6,0.5,1804.4,1.1400000000000001,0.9800000000000001,0.04460000000000001,0.40499999999999997,247.4,True,0,0,0,0,0,1,0,0,0,0,0,0,0,0,0,0,0,0,0,0,0,0,0,0,0,0,0,0,0,0,0,0,0,0,0,0,0,0,0,0,0,1,0
croshau01,1997.0,1975.0,206.0,3126112.0,13.059999999999999,468.2,0.507,1107.4,0.9800000000000001,1.3199999999999998,0.075,0.40939999999999993,55.2,False,0,0,0,0,0,0,0,0,0,0,0,1,0,0,0,0,0,0,0,0,0,0,0,0,0,0,0,0,0,0,0,0,0,0,0,0,0,0,0,0,1,0,0
curryde01,1986.0,1964.0,193.0,478333.3333333333,16.8,720.0,0.517,1275.6666666666667,0.6333333333333333,1.2333333333333334,0.06733333333333333,0.47333333333333333,121.66666666666667,False,0,0,0,0,0,0,0,0,0,0,0,0,0,0,0,0,0,0,0,0,0,0,0,0,0,0,0,0,0,0,0,0,0,0,1,0,0,0,0,0,0,1,0
curryst01,2009.0,1988.0,190.0,4517580.8,20.46,1362.8,0.5933999999999999,2389.2,5.58,2.02,0.1508,0.4708,449.4,True,0,0,0,0,0,0,0,0,0,1,0,0,0,0,0,0,0,0,0,0,0,0,0,0,0,0,0,0,0,0,0,0,0,0,0,0,0,0,0,1,0,0,0
dailequ01,1982.0,1961.0,190.0,367500.0,16.65,915.5,0.514,1412.0,1.15,0.65,0.0625,0.4525,129.0,True,0,0,0,0,1,0,0,0,0,0,0,0,0,0,0,0,0,0,0,0,0,0,0,0,0,0,0,0,0,0,0,0,0,0,0,0,0,0,0,0,0,1,0
dampier01,1996.0,1975.0,211.0,2959776.0,11.440000000000001,453.8,0.45020000000000004,1331.0,-0.27999999999999997,1.4999999999999998,0.027199999999999995,0.406,53.8,True,0,0,0,0,0,0,0,0,0,0,0,1,0,0,0,0,0,0,0,0,0,0,0,0,0,0,0,0,0,0,0,0,0,0,0,0,0,0,1,0,0,0,0
dareyi01,1994.0,1972.0,213.0,1276125.0,-4.0249999999999995,58.25,0.29100000000000004,250.5,-0.5,0.325,-0.20950000000000002,0.253,1.0,False,0,0,0,0,0,0,0,0,0,0,0,0,0,0,0,0,0,0,0,1,0,0,0,0,0,0,0,0,0,0,0,0,0,0,0,0,0,0,1,0,0,0,0
davisda01,1991.0,1969.0,211.0,1955400.0,15.180000000000001,696.4,0.5618,2164.0,2.92,3.2,0.1348,0.5539999999999999,66.6,False,0,0,0,0,0,0,0,0,0,0,0,1,0,0,0,0,0,0,0,0,0,0,0,0,0,0,0,0,0,0,0,0,0,0,0,0,0,0,0,0,1,0,0
davised01,2010.0,1989.0,208.0,2105466.285714286,17.0,453.57142857142856,0.5618571428571427,1313.4285714285713,2.3,1.5999999999999999,0.146,0.5469999999999999,49.57142857142857,False,0,0,0,0,0,0,0,0,0,0,0,0,0,0,0,0,0,0,0,0,0,0,0,0,0,0,0,0,0,0,0,0,0,1,0,0,0,0,1,0,0,0,0
dawkijo01,1986.0,1963.0,188.0,770000.0,17.733333333333334,514.6666666666666,0.5810000000000001,1128.6666666666667,1.5666666666666667,0.4000000000000001,0.119,0.5206666666666666,244.0,True,0,0,0,0,0,0,0,0,0,0,0,0,0,0,0,0,0,0,0,0,0,0,0,0,0,0,0,0,0,0,1,0,0,0,0,0,0,0,0,1,0,0,0
dayeau01,2009.0,1988.0,211.0,1903234.6666666667,10.955555555555556,189.55555555555554,0.484,512.4444444444445,0.19999999999999996,0.47777777777777775,0.05544444444444445,0.38455555555555554,27.22222222222222,False,0,0,0,0,0,0,0,0,1,0,0,0,0,0,0,0,0,0,0,0,0,0,0,0,0,0,0,0,0,0,0,0,0,0,0,0,0,0,0,0,0,0,1
dayto01,1992.0,1970.0,198.0,2233857.1428571427,13.357142857142858,897.2857142857143,0.49814285714285716,1809.4285714285713,1.1285714285714286,1.2428571428571427,0.049,0.388,102.85714285714286,True,0,0,0,0,0,0,0,0,0,0,0,0,0,0,0,0,0,1,0,0,0,0,0,0,0,0,0,0,0,0,0,0,0,0,0,0,0,0,0,0,0,1,0
deherte01,1993.0,1971.0,188.0,1147687.5,12.0,606.8333333333334,0.515,1404.0,0.85,0.5,0.03833333333333334,0.4045,200.5,False,0,0,0,0,0,0,0,0,0,0,0,0,0,1,0,0,0,0,0,0,0,0,0,0,0,0,0,0,0,0,0,0,0,0,0,0,0,0,0,1,0,0,0
delebi01,1991.0,1969.0,206.0,1446400.0,15.48,539.8,0.578,1214.0,1.0399999999999998,1.58,0.0992,0.5428,52.6,True,0,0,0,0,0,0,0,0,0,0,0,0,0,0,0,0,0,0,0,0,0,0,0,0,0,1,0,0,0,0,0,0,0,0,0,0,0,0,1,0,0,0,0
denglu01,2004.0,1985.0,206.0,4007419.8,16.080000000000002,1024.6,0.5224,2226.2,2.4400000000000004,3.1599999999999997,0.11299999999999999,0.46820000000000006,147.0,True,0,0,0,0,0,0,0,0,0,0,0,0,0,0,0,0,0,0,0,0,0,0,0,0,0,0,0,1,0,0,0,0,0,0,0,0,0,0,0,0,1,0,0
derozde01,2009.0,1989.0,201.0,4041154.0,14.580000000000002,1280.4,0.5284000000000001,2550.2,2.96,1.36,0.0782,0.45220000000000005,169.2,True,0,0,0,0,0,0,0,0,0,0,0,0,0,0,0,0,0,0,0,0,0,0,0,0,0,0,0,0,0,0,0,0,0,1,0,0,0,0,0,0,0,1,0
dickemi01,1998.0,1975.0,196.0,2185132.4,11.18,651.4,0.5126,1498.0,1.52,0.38,0.038400000000000004,0.4096,110.6,False,0,0,0,0,0,0,0,0,0,0,1,0,0,0,0,0,0,0,0,0,0,0,0,0,0,0,0,0,0,0,0,0,0,0,0,0,0,0,0,0,0,1,0
dioguik01,2005.0,1983.0,203.0,2428073.625,17.05,203.0,0.5746249999999999,410.75,0.5875,0.38749999999999996,0.12125,0.48824999999999996,11.875,True,0,0,0,0,0,0,0,0,0,1,0,0,0,0,0,0,0,0,0,0,0,0,0,0,0,0,0,0,0,0,0,0,0,0,0,0,0,0,0,0,1,0,0
diopde01,2001.0,1982.0,213.0,2097416.8,7.62,100.0,0.39080000000000004,719.6,-0.21999999999999997,1.1,0.010199999999999997,0.386,24.0,True,0,0,0,0,0,1,0,0,0,0,0,0,0,0,0,0,0,0,0,0,0,0,0,0,0,0,0,0,0,0,0,0,0,0,0,0,0,0,0,0,1,0,0
doleami01,1998.0,1977.0,211.0,1452035.2,10.92,376.2,0.471,1051.8,0.31999999999999995,1.1600000000000001,0.066,0.43600000000000005,43.0,False,0,0,0,0,0,0,0,0,0,0,0,0,0,0,0,0,0,0,0,0,0,0,0,0,0,1,0,0,0,0,0,0,0,0,0,0,0,0,1,0,0,0,0
doolike01,2000.0,1980.0,190.0,1592890.0,9.940000000000001,319.8,0.48260000000000003,936.4,0.26,0.45999999999999996,0.027200000000000002,0.3952,108.0,True,0,0,0,0,0,0,0,0,0,0,0,0,0,0,0,0,0,0,0,0,0,0,0,0,0,1,0,0,0,0,0,0,0,0,0,0,0,0,0,0,0,1,0
drumman01,2012.0,1993.0,211.0,6555184.2,21.54,1024.0,0.5396000000000001,2287.8,3.0800000000000005,4.18,0.1534,0.5592,55.2,True,0,0,0,0,0,0,0,0,1,0,0,0,0,0,0,0,0,0,0,0,0,0,0,0,0,0,0,0,0,0,0,0,0,0,0,0,0,0,1,0,0,0,0
dunnkr01,2016.0,1994.0,193.0,3872520.0,8.1,293.0,0.432,1333.0,-1.2,1.3,0.004,0.377,188.0,True,0,0,0,0,0,0,0,0,0,0,0,0,0,0,0,0,0,0,1,0,0,0,0,0,0,0,0,0,0,0,0,0,0,0,0,0,0,0,0,1,0,0,0
edwardo01,1993.0,1971.0,201.0,845000.0,9.0,67.66666666666667,0.452,279.3333333333333,-0.20000000000000004,0.26666666666666666,0.012999999999999998,0.38566666666666666,20.0,False,1,0,0,0,0,0,0,0,0,0,0,0,0,0,0,0,0,0,0,0,0,0,0,0,0,0,0,0,0,0,0,0,0,0,0,0,0,0,0,0,1,0,0
ellisda01,1983.0,1960.0,201.0,250000.0,15.833333333333334,1037.6666666666667,0.5293333333333333,1730.0,3.3000000000000003,1.0333333333333334,0.10466666666666664,0.45599999999999996,96.66666666666667,True,0,0,0,0,0,0,1,0,0,0,0,0,0,0,0,0,0,0,0,0,0,0,0,0,0,0,0,0,0,0,0,0,0,0,0,0,0,0,0,0,0,0,1
ellisla01,1992.0,1970.0,203.0,2662800.0,15.180000000000001,823.6,0.5056,1755.4,1.9600000000000002,2.08,0.0864,0.4486,105.4,True,0,0,0,0,0,0,0,1,0,0,0,0,0,0,0,0,0,0,0,0,0,0,0,0,0,0,0,0,0,0,0,0,0,0,0,0,0,0,0,0,1,0,0
elyme01,2002.0,1978.0,208.0,2453392.285714286,9.057142857142859,243.85714285714286,0.4707142857142857,703.8571428571429,-0.1142857142857143,0.5,0.009714285714285712,0.416,32.142857142857146,False,0,0,0,0,0,0,0,0,0,0,0,0,0,1,0,0,0,0,0,0,0,0,0,0,0,0,0,0,0,0,0,0,0,0,0,0,0,0,0,0,1,0,0
exumda01,2014.0,1995.0,198.0,3777660.0,7.15,402.5,0.489,1522.5,-0.6000000000000001,1.15,0.022,0.388,155.0,True,0,0,0,0,0,0,0,0,0,0,0,0,0,0,0,0,0,0,0,0,0,0,0,0,0,0,0,0,0,0,0,0,0,0,1,0,0,0,0,1,0,0,0
feltora01,2005.0,1984.0,185.0,3766510.4,14.080000000000002,1062.2,0.4944,2787.8,1.22,2.6,0.06559999999999999,0.4109999999999999,514.6,True,0,0,1,0,0,0,0,0,0,0,0,0,0,0,0,0,0,0,0,0,0,0,0,0,0,0,0,0,0,0,0,0,0,0,0,0,0,0,0,1,0,0,0
floydsl01,1982.0,1960.0,190.0,225000.0,17.7,1504.0,0.5505,2818.5,4.15,1.15,0.091,0.47550000000000003,576.0,False,0,0,0,0,0,0,0,0,0,0,0,0,0,0,0,0,0,0,0,1,0,0,0,0,0,0,0,0,0,0,0,0,0,0,0,0,0,0,0,0,0,1,0
flynnjo01,2009.0,1989.0,183.0,3281088.0,10.48,327.0,0.4508,830.8,-0.44000000000000006,0.24,-0.007200000000000001,0.36079999999999995,146.0,True,0,0,0,0,0,0,0,0,0,0,0,0,0,0,0,0,0,0,1,0,0,0,0,0,0,0,0,0,0,0,0,0,0,0,0,0,0,0,0,1,0,0,0
fordtj01,2003.0,1983.0,201.0,3808796.75,15.925,733.25,0.49324999999999997,1867.75,1.0750000000000002,1.6,0.07250000000000001,0.42625,434.25,True,0,0,0,0,0,0,0,0,0,0,0,0,0,0,0,0,0,1,0,0,0,0,0,0,0,0,0,0,0,0,0,0,0,0,0,0,0,0,0,1,0,0,0
fortsda01,1997.0,1976.0,201.0,2610954.8,18.68,549.8,0.577,1300.6,2.2,0.8800000000000001,0.1498,0.49660000000000004,53.8,True,0,0,0,0,0,0,0,0,0,0,0,0,0,0,0,0,0,1,0,0,0,0,0,0,0,0,0,0,0,0,0,0,0,0,0,0,0,0,1,0,0,0,0
foyera01,2006.0,1983.0,193.0,3144280.2,13.0,760.2,0.521,1770.0,1.2400000000000002,0.86,0.0548,0.4144,219.4,True,0,1,0,0,0,0,0,0,0,0,0,0,0,0,0,0,0,0,0,0,0,0,0,0,0,0,0,0,0,0,0,0,0,0,0,0,0,0,0,1,0,0,0
foylead01,1997.0,1975.0,208.0,2619704.0,11.739999999999998,287.0,0.44699999999999995,1173.2,-0.27999999999999997,1.2399999999999998,0.0388,0.4408,32.6,True,0,0,0,0,0,0,0,0,0,1,0,0,0,0,0,0,0,0,0,0,0,0,0,0,0,0,0,0,0,0,0,0,0,0,0,0,0,0,1,0,0,0,0
frankte01,1987.0,1965.0,208.0,328000.0,9.8,370.5,0.4775,921.0,-0.25,0.6,0.0175,0.401,63.0,False,0,0,0,0,0,0,0,0,0,1,0,0,0,0,0,0,0,0,0,0,0,0,0,0,0,0,0,0,0,0,0,0,0,0,0,0,0,0,0,0,1,0,0
fredeji01,2011.0,1989.0,188.0,985269.6666666666,16.82,115.6,0.6082666666666667,250.46666666666667,0.18000000000000002,0.03333333333333333,0.0824,0.5020666666666667,26.133333333333333,True,0,0,0,0,0,0,0,0,0,0,0,0,0,0,0,0,0,1,0,0,0,0,0,0,0,0,0,0,0,0,0,0,0,0,0,0,0,0,0,0,0,1,0
fryech01,2005.0,1983.0,211.0,2427777.8,13.680000000000001,636.6,0.5194000000000001,1549.2,1.58,1.42,0.08819999999999999,0.45439999999999997,62.8,True,0,0,0,0,0,0,0,0,0,0,0,0,0,0,0,0,0,0,0,0,0,0,0,1,0,0,0,0,0,0,0,0,0,0,0,0,0,0,1,0,0,0,0
fulleto02,1996.0,1974.0,193.0,995048.0,10.040000000000001,167.0,0.4532,500.0,-0.01999999999999999,0.4600000000000001,0.0346,0.40099999999999997,9.2,False,0,0,0,0,0,0,0,0,0,1,0,0,0,0,0,0,0,0,0,0,0,0,0,0,0,0,0,0,0,0,0,0,0,0,0,0,0,0,1,0,0,0,0
gainere01,2003.0,1981.0,198.0,1454640.0,4.58,32.8,0.4004,158.4,-0.2,0.04,-0.036399999999999995,0.361,11.4,False,0,0,0,0,0,0,0,0,0,0,0,0,0,0,0,0,0,0,0,0,0,0,0,0,0,1,0,0,0,0,0,0,0,0,0,0,0,0,0,1,0,0,0
gallida01,2008.0,1988.0,208.0,4215060.285714285,15.514285714285714,729.7142857142857,0.5862857142857143,1575.2857142857142,3.242857142857143,1.0285714285714287,0.13142857142857142,0.42057142857142854,92.85714285714286,True,0,0,0,0,0,0,0,0,0,0,0,0,0,0,0,0,0,0,0,0,0,0,0,1,0,0,0,0,0,0,0,0,0,0,0,0,0,0,0,0,0,0,1
garneke01,1995.0,1976.0,211.0,7240684.0,20.080000000000002,1299.2,0.5248,2706.6,3.8,3.8599999999999994,0.1338,0.4875999999999999,266.4,True,0,0,0,0,0,0,0,0,0,0,0,0,0,0,0,0,0,0,1,0,0,0,0,0,0,0,0,0,0,0,0,0,0,0,0,0,0,0,0,0,0,0,1
gayru01,2006.0,1986.0,203.0,4823519.4,15.819999999999999,1321.4,0.5308,2675.0,1.9600000000000002,2.2,0.0728,0.4546,139.8,True,0,0,0,0,0,0,0,0,0,0,1,0,0,0,0,0,0,0,0,0,0,0,0,0,0,0,0,0,0,0,0,0,0,0,0,0,0,0,0,0,1,0,0
georgpa01,2010.0,1990.0,206.0,5285280.6,15.88,888.2,0.535,1836.8,2.04,3.599999999999999,0.11080000000000001,0.4206,167.8,True,0,0,0,0,0,0,0,0,0,0,0,1,0,0,0,0,0,0,0,0,0,0,0,0,0,0,0,0,0,0,0,0,0,0,0,0,0,0,0,0,0,0,1
gillke01,1990.0,1968.0,196.0,1983200.0,15.34,1161.6,0.5086,2368.0,1.8199999999999998,2.3,0.0824,0.4532,273.4,True,0,0,0,1,0,0,0,0,0,0,0,0,0,0,0,0,0,0,0,0,0,0,0,0,0,0,0,0,0,0,0,0,0,0,0,0,0,0,0,0,0,1,0
gminsmi01,1980.0,1959.0,211.0,350000.0,16.1,1036.0,0.538,2418.0,3.6,2.5,0.122,0.465,158.0,True,0,0,0,0,0,0,0,0,0,0,0,0,0,0,0,0,0,0,0,1,0,0,0,0,0,0,0,0,0,0,0,0,0,0,0,0,0,0,1,0,0,0,0
gordoer01,2008.0,1988.0,193.0,5191938.8,16.42,888.4,0.5604,1718.4,2.34,0.6599999999999999,0.0856,0.44139999999999996,162.6,True,0,0,0,0,0,0,0,0,0,0,0,0,0,1,0,0,0,0,0,0,0,0,0,0,0,0,0,0,0,0,0,0,0,0,0,0,0,0,0,0,0,1,0
gordola01,1984.0,1962.0,190.0,200000.0,7.8,312.0,0.422,704.0,-1.3,0.2,-0.072,0.377,60.0,True,0,0,0,0,0,0,0,0,0,0,0,0,0,1,0,0,0,0,0,0,0,0,0,0,0,0,0,0,0,0,0,0,0,0,0,0,0,0,0,0,0,1,0
grantbr01,1994.0,1972.0,206.0,2830200.0,16.1,743.4,0.5498,1748.0,2.26,2.38,0.1246,0.489,81.4,True,0,0,0,0,0,0,0,0,0,0,0,0,0,0,0,0,0,0,0,0,0,0,0,0,0,0,0,0,0,1,0,0,0,0,0,0,0,0,0,0,0,0,1
grantga01,1988.0,1965.0,190.0,709000.0,12.825,632.75,0.47874999999999995,1925.5,-0.625,2.1,0.036750000000000005,0.44725000000000004,496.0,False,0,0,0,0,0,0,0,0,0,0,0,0,0,0,0,0,0,0,0,0,0,0,0,0,0,0,0,0,0,0,0,0,1,0,0,0,0,0,0,1,0,0,0
grantha01,1988.0,1965.0,203.0,743750.0,14.625000000000002,1073.75,0.51075,2272.5,2.625,1.8250000000000002,0.08975,0.48175,164.5,False,0,0,0,0,0,0,0,0,0,0,0,0,0,0,0,0,0,0,0,0,0,0,0,0,0,0,0,0,0,0,0,0,0,0,0,0,1,0,0,0,0,0,1
grantho01,1987.0,1965.0,208.0,907500.0,16.25,930.25,0.57,2534.0,5.15,3.625,0.1615,0.53625,163.0,True,0,0,0,0,1,0,0,0,0,0,0,0,0,0,0,0,0,0,0,0,0,0,0,0,0,0,0,0,0,0,0,0,0,0,0,0,0,0,1,0,0,0,0
grayeje01,1988.0,1965.0,196.0,626250.0,12.425,441.0,0.4925,1076.5,0.55,0.675,0.05425,0.4465,91.25,False,0,0,0,0,0,0,0,0,0,0,0,0,0,0,0,0,0,1,0,0,0,0,0,0,0,0,0,0,0,0,0,0,0,0,0,0,0,0,0,0,0,1,0
greenje02,2007.0,1986.0,196.0,3871794.0,12.700000000000001,893.8333333333334,0.5301666666666667,2170.5,1.3,2.15,0.07966666666666666,0.4495,104.0,True,0,1,0,0,0,0,0,0,0,0,0,0,0,0,0,0,0,0,0,0,0,0,0,0,0,0,0,0,0,0,0,0,0,0,0,0,0,0,0,0,0,0,1
greenke02,1985.0,1964.0,203.0,245633.0,8.7,134.0,0.4703333333333333,302.0,-0.26666666666666666,0.23333333333333336,-0.002999999999999999,0.4323333333333333,6.0,False,0,0,0,0,0,0,0,0,0,0,0,0,0,0,0,0,0,0,0,0,0,0,0,0,0,0,0,0,0,0,0,0,0,0,0,0,1,0,0,0,0,0,1
greensi02,1983.0,1961.0,188.0,431250.0,12.274999999999999,661.0,0.5045,1722.0,0.15,2.15,0.0615,0.4525,80.75,True,0,0,0,0,1,0,0,0,0,0,0,0,0,0,0,0,0,0,0,0,0,0,0,0,0,0,0,0,0,0,0,0,0,0,0,0,0,0,1,0,0,0,0
griffed01,2001.0,1982.0,208.0,1842011.5,14.325,538.25,0.44725,1659.25,0.44999999999999996,2.3249999999999997,0.0795,0.376,58.0,True,0,0,0,0,0,0,0,0,0,0,0,0,0,0,0,0,0,0,0,1,0,0,0,0,0,0,0,0,0,0,0,0,0,0,0,0,0,0,0,0,1,0,0
guglito01,1992.0,1969.0,208.0,2359375.0,16.6,925.625,0.512,2086.5,0.6624999999999999,2.4000000000000004,0.07325,0.442875,214.125,True,0,0,0,0,0,0,0,0,0,0,0,0,0,0,0,0,0,0,0,0,0,0,0,0,0,0,0,0,0,0,0,0,0,0,0,0,1,0,0,0,0,0,1
haislma01,2002.0,1980.0,208.0,1240765.0,8.05,79.5,0.43975,229.0,-0.07499999999999998,0.125,-0.013000000000000001,0.40025000000000005,4.75,False,0,0,0,0,0,0,0,0,0,0,0,0,0,0,0,0,0,1,0,0,0,0,0,0,0,0,0,0,0,0,0,0,0,0,0,0,0,0,0,0,1,0,0
hamilri01,1999.0,1978.0,198.0,3020708.6,15.939999999999998,1259.4,0.5108,2301.4,2.84,1.6800000000000002,0.08600000000000001,0.4382,204.2,True,0,0,0,0,0,0,0,0,0,0,0,0,0,0,0,0,0,0,0,0,0,0,0,0,0,0,0,0,0,0,0,0,0,0,0,0,0,1,0,0,0,0,1
hammoto01,1989.0,1967.0,206.0,829166.6666666666,10.283333333333333,267.3333333333333,0.5,718.3333333333334,0.15,0.7166666666666667,0.055833333333333325,0.4725,26.833333333333332,True,0,0,0,0,0,0,0,0,0,0,0,0,0,0,0,0,0,0,0,0,0,0,0,0,0,0,0,0,0,0,0,0,0,0,0,0,1,0,0,0,1,0,0
hansbty01,2009.0,1985.0,206.0,2446811.8,15.040000000000001,501.4,0.5154,1166.4,1.6599999999999997,1.5,0.124,0.4272,30.4,False,0,0,0,0,0,0,0,0,0,0,0,1,0,0,0,0,0,0,0,0,0,0,0,0,0,0,0,0,0,0,0,0,0,0,0,0,0,0,0,0,1,0,0
hardati01,1989.0,1966.0,183.0,610000.0,19.900000000000002,1731.0,0.5393333333333333,3052.0,6.833333333333333,2.033333333333333,0.13933333333333334,0.4613333333333334,766.3333333333334,False,0,0,0,0,0,0,0,0,0,1,0,0,0,0,0,0,0,0,0,0,0,0,0,0,0,0,0,0,0,0,0,0,0,0,0,0,0,0,0,1,0,0,0
harklma01,2012.0,1993.0,206.0,3462492.6,11.84,529.2,0.5212,1655.6,1.0,1.52,0.0672,0.46020000000000005,62.2,False,0,0,0,0,0,0,0,0,0,0,0,0,0,0,0,0,0,0,0,0,0,0,0,0,0,0,1,0,0,0,0,0,0,0,0,0,0,0,0,0,0,0,1
harpede01,1983.0,1961.0,193.0,291666.6666666667,17.366666666666667,1048.6666666666667,0.5573333333333333,2466.6666666666665,4.5,2.3666666666666667,0.133,0.5043333333333334,470.0,False,0,0,0,0,0,0,1,0,0,0,0,0,0,0,0,0,0,0,0,0,0,0,0,0,0,0,0,0,0,0,0,0,0,0,0,0,0,0,0,0,0,1,0
harpero01,1986.0,1964.0,198.0,842000.0,16.96666666666667,1056.0,0.5156666666666667,2021.3333333333333,1.7,3.1333333333333333,0.09766666666666668,0.45533333333333337,308.0,True,0,0,0,0,0,1,0,0,0,0,0,0,0,0,0,0,0,0,0,0,0,0,0,0,0,0,0,0,0,0,0,0,0,0,0,0,0,0,0,0,0,1,0
harprma01,1998.0,1976.0,201.0,1843408.2,14.780000000000001,675.0,0.5105999999999999,1578.0,2.4200000000000004,1.6800000000000002,0.1234,0.4248,79.0,False,0,0,0,0,0,0,0,0,0,0,0,0,0,0,0,0,0,0,0,0,0,0,0,0,0,1,0,0,0,0,0,0,0,0,0,0,0,0,0,0,0,1,0
harride01,2004.0,1983.0,190.0,4089635.5714285714,17.414285714285715,737.8571428571429,0.5605714285714286,1581.0,2.8999999999999995,1.6285714285714286,0.13314285714285715,0.4588571428571429,265.14285714285717,True,0,0,0,0,0,0,0,0,0,0,0,0,0,0,0,0,0,0,0,0,0,0,0,0,0,0,0,0,0,0,0,0,0,0,0,0,0,1,0,1,0,0,0
haskisc01,1993.0,1970.0,211.0,833000.0,11.3,55.0,0.515,186.0,0.0,0.3,0.087,0.467,6.0,False,0,0,0,0,0,0,0,0,0,0,0,1,0,0,0,0,0,0,0,0,0,0,0,0,0,0,0,0,0,0,0,0,0,0,0,0,0,0,1,0,0,0,0
hawessp01,2007.0,1988.0,216.0,2713500.8,13.860000000000003,574.4,0.5,1546.4,0.13999999999999999,1.6199999999999999,0.06420000000000001,0.4694,114.0,True,0,0,0,0,0,0,0,0,0,0,0,0,0,0,0,0,0,0,0,0,0,0,0,0,0,0,0,0,0,1,0,0,0,0,0,0,0,0,0,0,1,0,0
hawkihe01,1988.0,1966.0,190.0,1213750.0,17.224999999999998,1535.5,0.57675,2919.25,5.325,2.225,0.122,0.46475,275.75,True,0,0,0,0,0,0,0,0,0,0,0,0,0,1,0,0,0,0,0,0,0,0,0,0,0,0,0,0,0,0,0,0,0,0,0,0,0,0,0,0,0,1,0
hayesja01,2003.0,1981.0,201.0,1880777.4,11.280000000000001,511.8,0.4904,1406.6,0.45999999999999996,1.0,0.05619999999999999,0.41019999999999995,73.0,True,0,0,0,0,0,0,0,0,0,0,0,0,0,0,0,0,0,0,0,0,0,0,0,0,0,0,0,0,0,0,0,0,0,0,0,0,0,1,0,0,0,1,0
haywago01,2010.0,1990.0,203.0,5159436.6,15.88,979.6,0.5593999999999999,2151.0,3.3600000000000003,1.4,0.1016,0.4468,242.8,True,0,0,0,0,0,0,0,0,0,0,0,0,0,0,0,0,0,0,0,0,0,0,0,0,0,0,0,0,0,0,0,0,0,0,1,0,0,0,0,0,1,0,0
hendege02,2009.0,1987.0,188.0,3082569.4,13.279999999999998,746.4,0.5022,1688.2,1.06,1.0399999999999998,0.0588,0.4298,123.2,False,0,0,1,0,0,0,0,0,0,0,0,0,0,0,0,0,0,0,0,0,0,0,0,0,0,0,0,0,0,0,0,0,0,0,0,0,0,0,0,0,0,1,0
henryxa01,2010.0,1991.0,198.0,1899260.0,7.174999999999999,154.5,0.4515,499.25,-0.19999999999999998,0.3,0.0020000000000000018,0.36050000000000004,17.25,False,0,0,0,0,0,0,0,0,0,0,0,0,0,0,0,1,0,0,0,0,0,0,0,0,0,0,0,0,0,0,0,0,0,0,0,0,0,0,0,0,0,0,1
hensojo01,2012.0,1990.0,211.0,4235357.4,17.599999999999998,483.6,0.5496000000000001,1198.8,1.1800000000000002,1.5599999999999998,0.11339999999999999,0.533,62.8,False,0,0,0,0,0,0,0,0,0,0,0,0,0,0,0,0,0,1,0,0,0,0,0,0,0,0,0,0,0,0,0,0,0,0,0,0,0,0,1,0,0,0,0
hernaju01,2016.0,1995.0,206.0,1987440.0,13.3,305.0,0.592,842.0,1.2,0.6,0.103,0.451,29.0,False,0,0,0,0,0,0,0,1,0,0,0,0,0,0,0,0,0,0,0,0,0,0,0,0,0,0,0,0,0,0,0,0,0,0,0,0,0,0,0,0,1,0,0
hezonma01,2015.0,1995.0,203.0,3825660.0,8.3,397.5,0.49550000000000005,1186.5,-0.75,0.85,-0.0025000000000000005,0.394,85.5,True,0,0,0,0,0,0,0,0,0,0,0,0,0,0,0,0,0,0,0,0,0,0,0,0,0,1,0,0,0,0,0,0,0,0,0,0,0,0,0,0,0,0,1
hieldbu01,2016.0,1992.0,193.0,3517200.0,12.200000000000001,577.3333333333334,0.5473333333333333,1258.6666666666667,0.0,0.8666666666666667,0.03466666666666667,0.4326666666666667,80.66666666666667,True,0,0,0,0,0,0,0,0,0,0,0,0,0,0,0,0,0,0,0,0,0,1,0,0,0,0,0,0,0,0,0,0,0,0,0,0,0,0,0,0,0,1,0
hilljo01,2009.0,1987.0,208.0,2875863.0,16.188888888888886,241.33333333333334,0.5277777777777778,603.6666666666666,0.811111111111111,0.6333333333333333,0.11355555555555556,0.4973333333333334,18.666666666666668,True,0,0,0,0,0,0,0,0,0,0,0,0,0,0,0,0,0,0,0,0,0,0,0,1,0,0,0,0,0,0,0,0,0,0,0,0,0,0,1,0,0,0,0
hillty01,1990.0,1968.0,206.0,1499000.0,14.280000000000001,653.4,0.5571999999999999,1798.4,2.3199999999999994,2.46,0.1278,0.5138,47.0,False,0,0,0,0,0,0,0,0,0,1,0,0,0,0,0,0,0,0,0,0,0,0,0,0,0,0,0,0,0,0,0,0,0,0,0,0,0,0,0,0,1,0,0
hinriki01,2003.0,1981.0,193.0,4298453.6,14.8,1118.8,0.5186,2736.0,3.1399999999999997,3.3600000000000003,0.11259999999999999,0.4126,495.4,True,0,0,0,0,1,0,0,0,0,0,0,0,0,0,0,0,0,0,0,0,0,0,0,0,0,0,0,0,0,0,0,0,0,0,0,0,0,0,0,1,0,0,0
horryro01,1992.0,1970.0,206.0,1486571.4285714286,13.228571428571428,565.0,0.5322857142857143,1742.5714285714287,1.0142857142857142,2.4714285714285715,0.09685714285714286,0.4431428571428571,162.71428571428572,False,0,0,0,0,0,0,0,0,0,0,1,0,0,0,0,0,0,0,0,0,0,0,0,0,0,0,0,0,0,0,0,0,0,0,0,0,0,0,0,0,1,0,0
houstal01,1993.0,1971.0,198.0,2773800.0,13.499999999999996,1218.4,0.5382,2423.2,2.08,2.02,0.0702,0.43820000000000003,181.0,False,0,0,0,0,0,0,0,0,1,0,0,0,0,0,0,0,0,0,0,0,0,0,0,0,0,0,0,0,0,0,0,0,0,0,0,0,0,0,0,0,0,1,0
howarju01,1994.0,1973.0,206.0,7427200.0,16.080000000000002,1265.8,0.5210000000000001,2591.0,2.1399999999999997,2.38,0.08380000000000001,0.48100000000000004,230.2,True,0,0,0,0,0,0,0,0,0,0,0,0,0,0,0,0,0,0,0,0,0,0,0,0,0,0,0,0,0,0,0,0,0,0,0,0,1,0,0,0,0,0,1
hughela01,1998.0,1979.0,196.0,2175547.8571428573,15.071428571428571,783.1428571428571,0.4761428571428571,1666.857142857143,0.37142857142857144,1.457142857142857,0.05485714285714286,0.4127142857142857,175.85714285714286,True,0,0,0,0,0,0,0,0,0,0,0,0,0,0,0,0,0,0,0,0,0,0,0,0,0,0,1,0,0,0,0,0,0,0,0,0,0,0,0,0,0,1,0
hugheri01,1985.0,1962.0,198.0,177830.0,8.2,356.0,0.435,866.0,-1.0,0.5,-0.029,0.409,61.0,False,0,0,0,0,0,0,0,0,0,0,0,0,0,0,0,0,0,0,0,0,0,0,0,0,0,0,0,0,0,0,1,0,0,0,0,0,0,0,0,0,0,1,0
humphja01,1984.0,1962.0,190.0,300500.0,13.199999999999998,623.0,0.525,1714.2,1.9600000000000002,1.3599999999999999,0.0792,0.48100000000000004,344.2,False,0,0,0,0,0,0,0,0,0,0,0,0,0,0,0,0,0,0,0,0,0,0,0,0,0,0,0,1,0,0,0,0,0,0,0,0,0,0,0,0,0,1,0
humphkr01,2004.0,1985.0,206.0,2100046.6,13.059999999999999,240.8,0.4732,670.4,0.019999999999999973,0.7799999999999999,0.0656,0.4316000000000001,25.8,False,0,0,0,0,0,0,0,0,0,0,0,0,0,0,0,0,0,0,0,0,0,0,0,0,0,0,0,0,0,0,0,0,0,0,1,0,0,0,0,0,0,0,1
hunteli01,1993.0,1970.0,188.0,1396800.0,11.9,772.8,0.4772,2156.4,0.6,2.04,0.047,0.38339999999999996,223.0,True,0,0,0,0,0,0,0,0,1,0,0,0,0,0,0,0,0,0,0,0,0,0,0,0,0,0,0,0,0,0,0,0,0,0,0,0,0,0,0,1,0,0,0
huntest01,2001.0,1981.0,213.0,1422461.0,13.466666666666669,270.5,0.5545,859.3333333333334,1.0166666666666666,0.7166666666666667,0.09316666666666666,0.5596666666666666,11.0,False,0,0,0,0,0,0,0,0,0,0,0,0,0,0,0,0,0,0,0,0,0,0,0,0,0,1,0,0,0,0,0,0,0,0,0,0,0,0,0,0,1,0,0
hurlebo01,1993.0,1971.0,183.0,2860571.4285714286,8.585714285714285,183.14285714285714,0.44957142857142857,720.7142857142857,-0.5000000000000001,0.2285714285714286,-0.017714285714285714,0.3654285714285714,151.0,True,0,0,0,0,0,0,0,0,0,0,0,0,0,0,0,0,0,0,0,0,0,0,0,0,0,0,0,0,0,1,0,0,0,0,0,0,0,0,0,1,0,0,0
iguodan01,2004.0,1984.0,198.0,4055801.8,16.76,1261.0,0.5686,3069.0,4.5200000000000005,3.62,0.1262,0.47379999999999994,351.6,True,0,0,0,0,0,0,0,0,0,0,0,0,0,0,0,0,0,0,0,0,0,0,0,0,0,0,1,0,0,0,0,0,0,0,0,0,0,0,0,0,0,0,1
jackslu02,2004.0,1981.0,206.0,1161026.4444444445,7.433333333333334,44.0,0.4403333333333334,126.44444444444444,-0.044444444444444446,0.10000000000000002,-0.02377777777777778,0.3553333333333334,10.777777777777779,True,0,0,0,0,0,1,0,0,0,0,0,0,0,0,0,0,0,0,0,0,0,0,0,0,0,0,0,0,0,0,0,0,0,0,0,0,0,0,0,0,0,0,1
jamerda01,1990.0,1967.0,196.0,766000.0,0.5999999999999996,61.6,0.26660000000000006,121.6,-0.08,0.1,-0.2088,0.15899999999999997,12.4,False,0,0,0,0,0,0,0,0,0,0,0,0,0,0,0,0,1,0,0,0,0,0,0,0,0,0,0,0,0,0,0,0,0,0,0,0,0,0,0,0,0,1,0
jeffeal01,2004.0,1985.0,208.0,3603857.0,19.68,985.6,0.5396000000000001,1837.4,2.64,2.2199999999999998,0.124,0.5076,67.6,False,0,1,0,0,0,0,0,0,0,0,0,0,0,0,0,0,0,0,0,0,0,0,0,0,0,0,0,0,0,0,0,0,0,0,0,0,0,0,0,0,1,0,0
jefferi01,2001.0,1980.0,201.0,3383062.8,16.72,1150.6,0.5599999999999999,2468.6,4.38,3.5200000000000005,0.1438,0.4742,217.2,False,0,0,0,0,0,0,0,0,0,0,1,0,0,0,0,0,0,0,0,0,0,0,0,0,0,0,0,0,0,0,0,0,0,0,0,0,0,0,0,0,0,0,1
jeffrja01,2002.0,1981.0,211.0,2558452.8,10.239999999999998,355.6,0.4866,1494.0,0.42000000000000004,1.1199999999999999,0.049,0.4466,95.0,False,0,0,0,0,0,0,0,0,0,0,0,0,0,0,0,0,0,0,0,0,0,0,0,0,0,0,0,0,0,0,0,0,0,0,0,0,0,1,0,0,0,0,1
jennibr01,2009.0,1989.0,185.0,3565671.2,16.04,1237.4,0.49559999999999993,2559.2,2.26,2.42,0.0878,0.3902,454.0,True,0,0,0,0,0,0,0,0,0,0,0,0,0,0,0,0,0,1,0,0,0,0,0,0,0,0,0,0,0,0,0,0,0,0,0,0,0,0,0,1,0,0,0
jianlyi01,2007.0,1987.0,213.0,2767187.2,11.0,429.6,0.4664,1207.6,-0.26,0.9199999999999999,0.0192,0.4004,38.4,True,0,0,0,0,0,0,0,0,0,0,0,0,0,0,0,0,0,1,0,0,0,0,0,0,0,0,0,0,0,0,0,0,0,0,0,0,0,0,0,0,1,0,0
johnsde03,2000.0,1980.0,193.0,1705828.6666666667,11.233333333333334,500.6666666666667,0.527,1424.0,0.39999999999999997,1.2333333333333334,0.056999999999999995,0.42300000000000004,73.33333333333333,True,1,0,0,0,0,0,0,0,0,0,0,0,0,0,0,0,0,0,0,0,0,0,0,0,0,0,0,0,0,0,0,0,0,0,0,0,0,0,0,0,0,1,0
johnsfr01,1981.0,1958.0,185.0,243500.0,14.35,302.0,0.515,663.5,0.55,0.7000000000000001,0.0825,0.4685,109.5,False,0,0,0,0,0,0,0,0,0,0,0,0,0,0,0,0,0,0,0,0,0,0,0,0,0,0,0,0,0,0,0,0,0,0,0,0,1,0,0,1,0,0,0
johnsjo02,2001.0,1981.0,201.0,3252170.5714285714,13.399999999999997,912.1428571428571,0.49857142857142855,2285.4285714285716,2.3714285714285714,1.2714285714285711,0.07542857142857141,0.43285714285714283,251.0,True,0,1,0,0,0,0,0,0,0,0,0,0,0,0,0,0,0,0,0,0,0,0,0,0,0,0,0,0,0,0,0,0,0,0,0,0,0,0,0,0,0,1,0
johnske02,1987.0,1966.0,203.0,1140042.857142857,19.114285714285717,1146.4285714285713,0.5630000000000001,2209.4285714285716,5.5,2.3,0.15357142857142855,0.4832857142857144,618.2857142857143,True,0,0,0,0,0,1,0,0,0,0,0,0,0,0,0,0,0,0,0,0,0,0,0,0,0,0,0,0,0,0,0,0,0,0,0,0,0,0,0,1,0,0,0
johnsst03,1981.0,1957.0,203.0,484500.0,15.45,863.0,0.63,1743.5,2.2,1.7999999999999998,0.109,0.5885,79.5,True,0,0,0,0,0,0,0,0,0,0,0,0,1,0,0,0,0,0,0,0,0,0,0,0,0,0,0,0,0,0,0,0,0,0,0,0,0,0,1,0,0,0,0
johnsst04,2015.0,1996.0,203.0,2905920.0,7.949999999999999,466.0,0.448,1529.0,-1.35,1.85,0.015,0.364,111.5,True,0,0,0,0,0,0,0,0,1,0,0,0,0,0,0,0,0,0,0,0,0,0,0,0,0,0,0,0,0,0,0,0,0,0,0,0,0,0,0,0,0,0,1
jonesed02,1994.0,1971.0,208.0,1900000.0,17.61428571428571,867.5714285714286,0.5582857142857143,1976.4285714285713,3.8285714285714287,2.385714285714286,0.14914285714285716,0.45428571428571424,180.28571428571428,True,0,0,0,0,0,0,0,0,0,0,0,0,0,0,1,0,0,0,0,0,0,0,0,0,0,0,0,0,0,0,0,0,0,0,0,0,0,0,0,0,0,0,1
jonesfr01,2002.0,1979.0,193.0,2296389.0,10.257142857142856,386.85714285714283,0.5034285714285714,1195.142857142857,0.7142857142857144,1.257142857142857,0.06385714285714285,0.3952857142857143,106.28571428571429,False,0,0,0,0,0,0,0,0,0,0,0,1,0,0,0,0,0,0,0,0,0,0,0,0,0,0,0,0,0,0,0,0,0,0,0,0,0,0,0,0,0,0,1
kamanch01,2003.0,1982.0,213.0,3962873.6,13.62,727.0,0.5268,2058.8,0.24000000000000005,2.7,0.0644,0.4828,84.6,True,0,0,0,0,0,0,0,0,0,0,0,0,0,1,0,0,0,0,0,0,0,0,0,0,0,0,0,0,0,0,0,0,0,0,0,0,0,0,1,0,0,0,0
kaminfr01,2015.0,1993.0,213.0,2671250.0,12.75,740.0,0.5075000000000001,1831.0,0.8,2.0,0.0745,0.40449999999999997,130.0,True,0,0,0,1,0,0,0,0,0,0,0,0,0,0,0,0,0,0,0,0,0,0,0,0,0,0,0,0,0,0,0,0,0,0,0,0,0,0,1,0,0,0,0
keefead01,1992.0,1970.0,206.0,1460000.0,13.24,402.0,0.5694,1241.0,1.5799999999999998,1.56,0.119,0.5122,48.0,True,1,0,0,0,0,0,0,0,0,0,0,0,0,0,0,0,0,0,0,0,0,0,0,0,0,0,0,0,0,0,0,0,0,0,0,0,0,0,1,0,0,0,0
kellocl01,1982.0,1961.0,201.0,466000.0,15.766666666666666,595.6666666666666,0.498,1025.6666666666667,1.0333333333333334,1.3333333333333333,0.08133333333333333,0.44733333333333336,102.33333333333333,True,0,0,0,0,0,0,0,0,0,0,0,1,0,0,0,0,0,0,0,0,0,0,0,0,0,0,0,0,0,0,0,0,0,0,0,0,0,0,0,0,1,0,0
kesslal01,1990.0,1967.0,211.0,1101500.0,10.475000000000001,271.0,0.5142500000000001,734.25,-0.14999999999999997,0.625,0.058499999999999996,0.43624999999999997,20.25,False,0,0,0,0,0,0,0,0,0,0,1,0,0,0,0,0,0,0,0,0,0,0,0,0,0,0,0,0,0,0,0,0,0,0,0,0,0,0,1,0,0,0,0
kimblbo01,1990.0,1966.0,193.0,988333.3333333334,8.799999999999999,191.33333333333334,0.4523333333333333,445.3333333333333,-0.3666666666666667,0.4000000000000001,-0.0006666666666666673,0.39999999999999997,32.666666666666664,True,0,0,0,0,0,0,0,0,0,0,0,0,0,1,0,0,0,0,0,0,0,0,0,0,0,0,0,0,0,0,0,0,0,0,0,0,0,0,0,0,0,1,0
kingal01,1981.0,1959.0,198.0,655000.0,15.5,792.0,0.5145,1429.0,0.5,1.4,0.0755,0.47350000000000003,119.5,True,0,0,0,0,0,0,0,0,0,0,0,0,0,0,0,0,0,0,0,1,0,0,0,0,0,0,0,0,0,0,0,0,0,0,0,0,0,0,0,0,0,0,1
kingri01,1991.0,1969.0,218.0,675000.0,2.9749999999999988,33.75,0.366,77.25,-0.025,0.07500000000000001,-0.122,0.30525,5.25,False,0,0,0,0,0,0,0,0,0,0,0,0,0,0,0,0,0,0,0,0,0,0,0,0,0,0,0,0,0,0,0,0,1,0,0,0,0,0,1,0,0,0,0
kingst01,1989.0,1967.0,211.0,1375714.2857142857,12.157142857142858,410.85714285714283,0.5141428571428571,1058.2857142857142,0.5857142857142856,1.1142857142857143,0.06942857142857142,0.46185714285714285,59.42857142857143,True,0,0,0,0,1,0,0,0,0,0,0,0,0,0,0,0,0,0,0,0,0,0,0,0,0,0,0,0,0,0,0,0,0,0,0,0,0,0,0,0,1,0,0
kittlke01,1996.0,1974.0,196.0,2960926.5,15.775,1018.5,0.50725,2323.0,3.85,1.6,0.10675,0.41825,170.75,True,0,0,0,0,0,0,0,0,0,0,0,0,0,0,0,0,0,0,0,1,0,0,0,0,0,0,0,0,0,0,0,0,0,0,0,0,0,0,0,0,0,1,0
kleinjo01,1985.0,1962.0,211.0,640000.0,10.820000000000002,436.6,0.5048,1200.2,0.15999999999999998,1.04,0.047599999999999996,0.4364,54.6,True,0,0,0,0,0,0,0,0,0,0,0,0,0,0,0,0,0,0,0,0,0,0,0,0,0,0,0,0,0,1,0,0,0,0,0,0,0,0,1,0,0,0,0
knighbr03,2011.0,1991.0,178.0,4396370.142857143,14.42857142857143,899.2857142857143,0.5197142857142857,1833.4285714285713,1.1,1.157142857142857,0.05642857142857143,0.4104285714285715,261.2857142857143,True,0,0,0,0,0,0,0,0,1,0,0,0,0,0,0,0,0,0,0,0,0,0,0,0,0,0,0,0,0,0,0,0,0,0,0,0,0,0,0,1,0,0,0
koncajo01,1985.0,1963.0,213.0,935050.0,11.280000000000001,393.4,0.5506,1392.0,0.8800000000000001,2.1399999999999997,0.1002,0.5216000000000001,36.8,True,1,0,0,0,0,0,0,0,0,0,0,0,0,0,0,0,0,0,0,0,0,0,0,0,0,0,0,0,0,0,0,0,0,0,0,0,0,0,1,0,0,0,0
korolya01,2005.0,1987.0,206.0,1768380.0,6.4,19.5,0.357,84.0,-0.1,0.05,-0.035,0.275,6.5,False,0,0,0,0,0,0,0,0,0,0,0,0,0,1,0,0,0,0,0,0,0,0,0,0,0,0,0,0,0,0,0,0,0,0,0,0,0,0,0,0,0,0,1
lambje01,2012.0,1992.0,196.0,3175868.8,14.48,442.8,0.5236000000000001,937.6,0.9800000000000001,1.1400000000000001,0.101,0.4224,63.2,False,0,0,0,0,0,0,0,0,0,0,1,0,0,0,0,0,0,0,0,0,0,0,0,0,0,0,0,0,0,0,0,0,0,0,0,0,0,0,0,0,0,0,1
lampje01,1981.0,1959.0,198.0,75000.0,13.266666666666666,405.3333333333333,0.5303333333333334,880.6666666666666,1.0666666666666667,0.9,0.10733333333333334,0.476,78.0,False,0,0,0,0,0,0,0,0,0,0,0,0,0,0,0,0,0,0,0,0,0,0,0,0,0,0,0,0,1,0,0,0,0,0,0,0,0,0,0,0,0,0,1
langdtr01,1999.0,1976.0,190.0,1499760.0,12.066666666666668,215.66666666666666,0.5466666666666667,579.3333333333334,0.7000000000000001,0.2333333333333333,0.07966666666666666,0.4013333333333334,50.666666666666664,False,0,0,0,0,0,1,0,0,0,0,0,0,0,0,0,0,0,0,0,0,0,0,0,0,0,0,0,0,0,0,0,0,0,0,0,0,0,0,0,0,0,1,0
lavinza01,2014.0,1995.0,196.0,2148360.0,13.4,939.0,0.5463333333333334,1981.6666666666667,1.2333333333333334,0.3666666666666667,0.03933333333333334,0.4443333333333333,222.0,False,0,0,0,0,0,0,0,0,0,0,0,0,0,0,0,0,0,0,1,0,0,0,0,0,0,0,0,0,0,0,0,0,0,0,0,0,0,0,0,1,0,0,0
lawac01,2007.0,1985.0,190.0,1286721.75,10.141666666666667,123.58333333333333,0.48841666666666667,399.75,0.075,0.19166666666666668,0.02691666666666666,0.39875,48.916666666666664,False,1,0,0,0,0,0,0,0,0,0,0,0,0,0,0,0,0,0,0,0,0,0,0,0,0,0,0,0,0,0,0,0,0,0,0,0,0,0,0,1,0,0,0
leeke01,1985.0,1962.0,208.0,324444.0,12.200000000000001,371.3333333333333,0.49,969.0,0.0,1.2333333333333334,0.06,0.44766666666666666,59.333333333333336,False,0,0,0,0,1,0,0,0,0,0,0,0,0,0,0,0,0,0,0,0,0,0,0,0,0,0,0,0,0,0,0,0,0,0,0,0,0,0,0,0,1,0,0
lenal01,2013.0,1993.0,216.0,3943345.25,12.05,458.5,0.5115000000000001,1315.25,0.425,1.5,0.06425,0.4625,44.25,True,0,0,0,0,0,0,0,0,0,0,0,0,0,0,0,0,0,0,0,0,0,0,0,0,0,0,0,1,0,0,0,0,0,0,0,0,0,0,1,0,0,0,0
leonaka01,2011.0,1991.0,201.0,4975155.8,20.080000000000002,924.0,0.59,1936.0,4.4799999999999995,3.9,0.20220000000000002,0.49879999999999997,128.6,False,0,0,0,0,0,0,0,0,0,0,0,1,0,0,0,0,0,0,0,0,0,0,0,0,0,0,0,0,0,0,0,0,0,0,0,0,0,0,0,0,0,0,1
leoname01,2012.0,1992.0,216.0,3791192.8,11.299999999999999,342.8,0.5568000000000001,992.6,1.06,0.8400000000000001,0.0944,0.46799999999999997,49.2,False,0,0,0,0,0,0,0,0,0,0,0,0,0,0,0,0,0,0,0,0,0,0,0,0,0,0,0,0,1,0,0,0,0,0,0,0,0,0,0,0,1,0,0
lestero01,1980.0,1959.0,188.0,244000.0,11.9,89.0,0.465,278.0,-0.1,0.3,0.039,0.415,80.0,True,0,0,0,0,0,0,0,0,0,0,0,0,0,0,0,0,0,0,0,0,0,0,0,0,0,0,0,0,1,0,0,0,0,0,0,0,0,0,0,1,0,0,0
leverfa01,1982.0,1960.0,190.0,185000.0,16.2,1065.5,0.476,2587.5,1.5,3.4000000000000004,0.09,0.4355,598.5,False,0,0,0,0,0,0,0,0,0,0,0,0,0,0,0,0,0,0,0,0,0,0,0,0,0,0,0,0,1,0,0,0,0,0,0,0,0,0,0,1,0,0,0
levincl01,1982.0,1961.0,203.0,258333.33333333334,14.533333333333331,712.0,0.5630000000000001,1936.6666666666667,2.6,2.8666666666666667,0.13533333333333333,0.5223333333333333,72.0,True,0,0,0,0,0,0,0,0,1,0,0,0,0,0,0,0,0,0,0,0,0,0,0,0,0,0,0,0,0,0,0,0,0,0,0,0,0,0,0,0,1,0,0
lichtto01,1989.0,1967.0,193.0,565025.7142857143,13.557142857142855,185.42857142857142,0.484,434.2857142857143,0.2857142857142857,0.27142857142857146,0.07457142857142858,0.4242857142857143,31.428571428571427,False,0,0,0,0,0,0,0,1,0,0,0,0,0,0,0,0,0,0,0,0,0,0,0,0,0,0,0,0,0,0,0,0,0,0,0,0,0,0,0,0,0,1,0
lillada01,2012.0,1990.0,190.0,7634718.4,20.4,1776.0,0.564,2879.8,7.340000000000001,1.7399999999999998,0.15360000000000001,0.43,489.2,True,0,0,0,0,0,0,0,0,0,0,0,0,0,0,0,0,0,0,0,0,0,0,0,0,0,0,0,0,1,0,0,0,0,0,0,0,0,0,0,1,0,0,0
longllu01,1991.0,1969.0,218.0,1691428.5714285714,12.328571428571427,368.2857142857143,0.506,1097.4285714285713,-0.17142857142857143,1.6285714285714288,0.06328571428571428,0.4657142857142857,73.42857142857143,True,0,0,0,0,0,0,0,0,0,0,0,0,0,0,0,0,0,0,1,0,0,0,0,0,0,0,0,0,0,0,0,0,0,0,0,0,0,0,1,0,0,0,0
lopezbr01,2008.0,1988.0,213.0,4696698.6,20.779999999999998,1163.2,0.5561999999999999,2161.2,3.96,1.92,0.12479999999999998,0.5074,95.6,True,0,0,0,0,0,0,0,0,0,0,0,0,0,0,0,0,0,0,0,1,0,0,0,0,0,0,0,0,0,0,0,0,0,0,0,0,0,0,1,0,0,0,0
lopezro01,2008.0,1988.0,213.0,2599691.0,15.439999999999998,465.6,0.565,1124.4,1.9,0.82,0.11120000000000001,0.5203999999999999,21.4,False,0,0,0,0,0,0,0,0,0,0,0,0,0,0,0,0,0,0,0,0,0,0,0,0,0,0,0,1,0,0,0,0,0,0,0,0,0,0,1,0,0,0,0
loveke01,2008.0,1988.0,208.0,5696290.2,21.32,995.8,0.5412000000000001,1827.2,4.68,1.8199999999999998,0.1558,0.43579999999999997,111.4,True,0,0,0,0,0,0,0,0,0,0,0,0,0,0,0,1,0,0,0,0,0,0,0,0,0,0,0,0,0,0,0,0,0,0,0,0,0,0,1,0,0,0,0
lylestr01,2015.0,1995.0,208.0,2290200.0,10.8,464.0,0.49050000000000005,1270.0,-0.15000000000000002,1.65,0.0555,0.4,64.5,False,0,0,0,0,0,0,0,0,0,0,0,0,0,0,0,0,0,0,0,0,0,0,0,0,0,0,0,0,0,0,0,0,0,0,1,0,0,0,0,0,1,0,0
lynchge01,1993.0,1970.0,203.0,1699000.0,14.419999999999998,454.2,0.5102,1255.8,1.0,1.1199999999999999,0.0764,0.4715999999999999,81.4,False,0,0,0,0,0,0,0,0,0,0,0,0,0,0,1,0,0,0,0,0,0,0,0,0,0,0,0,0,0,0,0,0,0,0,0,0,0,0,0,0,0,0,1
maconma01,1991.0,1969.0,196.0,1499571.4285714286,8.457142857142857,262.7142857142857,0.4337142857142857,777.8571428571429,-0.8142857142857144,0.7857142857142857,-0.006000000000000001,0.38371428571428573,67.85714285714286,True,0,0,0,0,0,0,0,1,0,0,0,0,0,0,0,0,0,0,0,0,0,0,0,0,0,0,0,0,0,0,0,0,0,0,0,0,0,0,0,0,0,1,0
maggeco01,1999.0,1979.0,198.0,2626304.8,16.82,926.8,0.5650000000000001,1795.6,3.6799999999999997,1.0,0.1206,0.4548,120.4,False,0,0,0,0,0,0,0,0,0,0,0,0,0,0,0,0,0,0,0,0,0,0,0,0,0,0,0,0,0,0,0,0,1,0,0,0,0,0,0,0,1,0,0
majerda01,1988.0,1965.0,198.0,537500.0,15.35,1081.0,0.5387500000000001,2421.75,4.525,2.825,0.1385,0.46125,232.75,False,0,0,0,0,0,0,0,0,0,0,0,0,0,0,0,0,0,0,0,0,0,0,0,0,0,0,0,1,0,0,0,0,0,0,0,0,0,0,0,0,0,0,1
makerth01,2016.0,1997.0,216.0,2568600.0,14.0,226.0,0.558,562.0,0.8,0.5,0.113,0.459,23.0,True,0,0,0,0,0,0,0,0,0,0,0,0,0,0,0,0,0,1,0,0,0,0,0,0,0,0,0,0,0,0,0,0,0,0,0,0,0,0,1,0,0,0,0
malonje01,1983.0,1961.0,193.0,347333.3333333333,15.800000000000002,1624.0,0.5376666666666666,2753.3333333333335,3.6666666666666665,2.1,0.10133333333333334,0.486,204.0,True,0,0,0,0,0,0,0,0,0,0,0,0,0,0,0,0,0,0,0,0,0,0,0,0,0,0,0,0,0,0,0,0,0,0,0,0,1,0,0,0,0,1,0
mariosh01,1999.0,1978.0,201.0,3642419.0,19.82,1330.0,0.5224,2763.2,4.86,4.7,0.1652,0.4624,160.6,True,0,0,0,0,0,0,0,0,0,0,0,0,0,0,0,0,0,0,0,0,0,0,0,0,0,0,0,1,0,0,0,0,0,0,0,0,0,0,0,0,0,0,1
marshke01,2012.0,1991.0,193.0,1746171.25,9.875,200.5,0.49000000000000005,770.75,-0.05,0.275,0.010249999999999999,0.399,194.75,False,0,0,0,0,0,0,0,0,0,0,0,0,0,0,0,0,0,0,0,0,0,0,0,0,0,0,0,1,0,0,0,0,0,0,0,0,0,0,0,1,0,0,0
mayse01,2005.0,1984.0,206.0,1726477.0,13.075000000000003,205.25,0.488,467.0,0.125,0.5499999999999999,0.04325,0.4415,28.75,False,0,0,1,0,0,0,0,0,0,0,0,0,0,0,0,0,0,0,0,0,0,0,0,0,0,0,0,0,0,0,0,0,0,0,0,0,0,0,0,0,1,0,0
maystr01,1990.0,1968.0,188.0,1000000.0,10.333333333333334,424.3333333333333,0.5303333333333333,988.0,0.3,0.5,0.025333333333333333,0.41733333333333333,108.66666666666667,False,0,0,0,0,0,0,0,0,0,0,0,0,0,0,0,0,0,0,0,0,0,0,0,0,0,0,0,0,0,1,0,0,0,0,0,0,0,0,0,1,0,0,0
mccanra01,2005.0,1984.0,193.0,2136943.0,12.416666666666666,505.5,0.5116666666666666,1023.0,0.08333333333333337,0.6166666666666667,0.028,0.4083333333333334,66.5,False,0,0,0,0,0,0,0,0,0,0,0,0,0,0,0,0,0,0,1,0,0,0,0,0,0,0,0,0,0,0,0,0,0,0,0,0,0,0,0,0,0,1,0
mccloge01,1989.0,1967.0,198.0,990000.0,10.033333333333333,415.3333333333333,0.4836666666666667,1154.0,-0.033333333333333326,0.6333333333333333,0.023999999999999997,0.39766666666666667,152.66666666666666,True,0,0,0,0,0,0,0,0,0,0,0,1,0,0,0,0,0,0,0,0,0,0,0,0,0,0,0,0,0,0,0,0,0,0,0,0,0,0,0,0,0,0,1
mccorti01,1984.0,1962.0,211.0,585666.6,12.36,557.6,0.5658,1438.0,1.6800000000000002,1.22,0.0916,0.5289999999999999,74.6,False,0,0,0,0,0,1,0,0,0,0,0,0,0,0,0,0,0,0,0,0,0,0,0,0,0,0,0,0,0,0,0,0,0,0,0,0,0,0,1,0,0,0,0
mcderdo01,2014.0,1992.0,203.0,2421504.0,9.66,411.4,0.5402000000000001,1039.6,1.0,0.58,0.063,0.4396,36.2,False,0,0,0,0,0,0,0,1,0,0,0,0,0,0,0,0,0,0,0,0,0,0,0,0,0,0,0,0,0,0,0,0,0,0,0,0,0,0,0,0,0,0,1
mcgratr01,1997.0,1979.0,203.0,5042946.0,21.6,1227.0,0.5142,2149.2,4.640000000000001,2.46,0.14620000000000002,0.449,245.2,True,0,0,0,0,0,0,0,0,0,0,0,0,0,0,0,0,0,0,0,0,0,0,0,0,0,0,0,0,0,0,0,0,0,1,0,0,0,0,0,0,0,1,0
mckeyde01,1987.0,1966.0,206.0,714250.0,14.925,972.75,0.5665,2192.5,3.4499999999999997,1.975,0.118,0.4955,153.75,True,0,0,0,0,0,0,0,0,0,0,0,0,0,0,0,0,0,0,0,0,0,0,0,0,0,0,0,0,0,0,0,0,1,0,0,0,0,0,0,0,0,0,1
mclembe01,2013.0,1993.0,196.0,3271930.5,9.125,685.5,0.5265,1869.0,0.2749999999999999,0.7250000000000001,0.0215,0.418,88.0,True,0,0,0,0,0,0,0,0,0,0,0,0,0,0,0,0,0,0,0,0,0,0,0,0,0,0,0,0,0,1,0,0,0,0,0,0,0,0,0,0,0,1,0
mercero01,1997.0,1976.0,201.0,4051982.222222222,11.922222222222224,765.2222222222222,0.4653333333333334,1659.3333333333333,0.13333333333333336,0.8333333333333333,0.019666666666666666,0.41866666666666674,117.0,True,0,1,0,0,0,0,0,0,0,0,0,0,0,0,0,0,0,0,0,0,0,0,0,0,0,0,0,0,0,0,0,0,0,0,0,0,0,0,0,0,0,0,1
mihmch01,2000.0,1979.0,213.0,2571947.8571428573,13.785714285714283,431.7142857142857,0.5095714285714286,1166.2857142857142,0.6857142857142858,1.0571428571428572,0.07671428571428572,0.46085714285714285,22.857142857142858,True,0,0,0,0,1,0,0,0,0,0,0,0,0,0,0,0,0,0,0,0,0,0,0,0,0,0,0,0,0,0,0,0,0,0,0,0,0,0,0,0,1,0,0
millean02,1999.0,1976.0,206.0,3177181.8,18.759999999999998,1169.4,0.5264,2743.0,5.6,1.7600000000000002,0.129,0.4436,610.6,True,0,0,0,0,0,1,0,0,0,0,0,0,0,0,0,0,0,0,0,0,0,0,0,0,0,0,0,0,0,0,0,0,0,0,0,0,0,0,0,1,0,0,0
millemi01,2000.0,1980.0,203.0,3171265.285714286,15.342857142857143,813.8571428571429,0.5572857142857143,1847.5714285714287,2.6714285714285717,1.4,0.10757142857142858,0.4541428571428572,161.42857142857142,True,0,0,0,0,0,0,0,0,0,0,0,0,0,0,0,0,0,0,0,0,0,0,0,0,0,1,0,0,0,0,0,0,0,0,0,0,0,0,0,0,0,1,0
minerha01,1992.0,1971.0,196.0,1322500.0,11.1,450.25,0.518,937.0,0.5750000000000001,0.44999999999999996,0.027750000000000004,0.44925,61.25,False,0,0,0,0,0,0,0,0,0,0,0,0,0,0,0,0,1,0,0,0,0,0,0,0,0,0,0,0,0,0,0,0,0,0,0,0,0,0,0,1,0,0,0
moisoje01,2000.0,1978.0,208.0,1669350.0,11.25,51.75,0.5367500000000001,189.0,-0.012500000000000011,0.35,0.06937499999999999,0.497375,4.875,False,0,1,0,0,0,0,0,0,0,0,0,0,0,0,0,0,0,0,0,0,0,0,0,0,0,0,0,0,0,0,0,0,0,0,0,0,0,0,1,0,0,0,0
monrogr01,2010.0,1990.0,211.0,3718005.6,19.759999999999998,1082.2,0.549,2363.6,3.88,2.5799999999999996,0.1336,0.5102,170.2,True,0,0,0,0,0,0,0,0,1,0,0,0,0,0,0,0,0,0,0,0,0,0,0,0,0,0,0,0,0,0,0,0,0,0,0,0,0,0,0,0,1,0,0
montrer01,1994.0,1971.0,213.0,1333333.3333333333,9.177777777777777,252.44444444444446,0.4723333333333334,1040.2222222222222,0.2222222222222222,0.9777777777777779,0.05477777777777778,0.47411111111111115,26.333333333333332,True,0,1,0,0,0,0,0,0,0,0,0,0,0,0,0,0,0,0,0,0,0,0,0,0,0,0,0,0,0,0,0,0,0,0,0,0,0,0,1,0,0,0,0
morrima02,2011.0,1989.0,188.0,4723325.571428572,13.7,720.0,0.5038571428571429,1579.4285714285713,0.48571428571428577,1.6857142857142855,0.05557142857142857,0.4351428571428571,108.14285714285714,False,0,0,0,0,0,0,0,0,0,0,0,0,0,0,0,0,0,0,0,0,0,0,0,0,0,0,0,1,0,0,0,0,0,0,0,0,0,0,0,0,1,0,0
morrima03,2011.0,1989.0,188.0,2519100.1428571427,11.000000000000002,572.0,0.4938571428571429,1410.7142857142858,1.1857142857142857,1.2285714285714284,0.04742857142857143,0.40871428571428575,78.42857142857143,False,0,0,0,0,0,0,0,0,0,0,1,0,0,0,0,0,0,0,0,0,0,0,0,0,0,0,0,0,0,0,0,0,0,0,0,0,0,0,0,0,0,0,1
mudiaem01,2015.0,1996.0,196.0,3172020.0,10.4,737.5,0.45999999999999996,1737.0,-1.8499999999999999,0.85,-0.021500000000000002,0.3705,294.5,True,0,0,0,0,0,0,0,1,0,0,0,0,0,0,0,0,0,0,0,0,0,0,0,0,0,0,0,0,0,0,0,0,0,0,0,0,0,0,0,1,0,0,0
muhamsh01,2013.0,1992.0,198.0,2240574.75,15.775,572.5,0.54375,1088.5,1.8250000000000002,0.125,0.08149999999999999,0.47400000000000003,34.25,False,0,0,0,0,0,0,0,0,0,0,0,0,0,0,0,0,0,0,0,0,0,0,0,0,0,0,0,0,0,0,0,0,0,0,1,0,0,0,0,0,0,0,1
murphtr01,2001.0,1980.0,211.0,2764585.4,15.14,758.6,0.5078,1891.8,2.42,1.7600000000000002,0.1008,0.43179999999999996,78.8,False,0,0,0,0,0,0,0,0,0,1,0,0,0,0,0,0,0,0,0,0,0,0,0,0,0,0,0,0,0,0,0,0,0,0,0,0,0,0,0,0,1,0,0
murraja01,2016.0,1997.0,193.0,3210840.0,11.9,811.0,0.518,1764.0,0.6,0.7,0.037,0.404,170.0,True,0,0,0,0,0,0,0,1,0,0,0,0,0,0,0,0,0,0,0,0,0,0,0,0,0,0,0,0,0,0,0,0,0,0,0,0,0,0,0,0,0,1,0
murrala01,1994.0,1973.0,201.0,2700000.0,13.84,834.6,0.5052,1912.6,0.7200000000000001,0.9200000000000002,0.0412,0.4274,95.4,True,0,0,0,0,0,0,0,0,0,0,0,0,0,1,0,0,0,0,0,0,0,0,0,0,0,0,0,0,0,0,0,0,0,0,0,0,0,0,0,0,0,0,1
nachbbo01,2002.0,1980.0,206.0,1900231.111111111,8.566666666666666,240.55555555555554,0.4904444444444444,645.6666666666666,0.3,0.6333333333333333,0.040777777777777774,0.37399999999999994,32.888888888888886,False,0,0,0,0,0,0,0,0,0,0,1,0,0,0,0,0,0,0,0,0,0,0,0,0,0,0,0,0,0,0,0,0,0,0,0,0,0,0,0,0,1,0,0
nashst01,1996.0,1974.0,190.0,2832024.0,14.080000000000002,558.4,0.554,1507.2,2.7,0.8400000000000001,0.0968,0.4418,280.0,False,0,0,0,0,0,0,0,0,0,0,0,0,0,0,0,0,0,0,0,0,0,0,0,0,0,0,0,1,0,0,0,0,0,0,0,0,0,0,0,1,0,0,0
noahjo01,2007.0,1985.0,211.0,4403019.2,17.660000000000004,585.0,0.5660000000000001,1783.6,3.2,3.2600000000000002,0.1722,0.515,117.8,True,0,0,0,0,1,0,0,0,0,0,0,0,0,0,0,0,0,0,0,0,0,0,0,0,0,0,0,0,0,0,0,0,0,0,0,0,0,0,1,0,0,0,0
noelne01,2013.0,1994.0,211.0,3985278.0,18.459999999999997,476.2,0.5797999999999999,1274.0,0.8400000000000001,2.16,0.1404,0.5528000000000001,70.0,True,0,0,0,0,0,0,0,0,0,0,0,0,0,0,0,0,0,0,0,0,1,0,0,0,0,0,0,0,0,0,0,0,0,0,0,0,0,0,0,0,1,0,0
nowitdi01,1998.0,1978.0,213.0,3394917.0,20.560000000000002,1478.8,0.5671999999999999,2605.8,7.5,3.06,0.1734,0.45600000000000007,169.6,True,0,0,0,0,0,0,0,0,0,0,0,0,0,0,0,0,0,1,0,0,0,0,0,0,0,0,0,0,0,0,0,0,0,0,0,0,0,0,0,0,1,0,0
oaklech01,1985.0,1963.0,203.0,672500.0,15.65,926.0,0.561,2347.0,2.35,3.1000000000000005,0.11025,0.509,178.5,True,0,0,0,0,0,1,0,0,0,0,0,0,0,0,0,0,0,0,0,0,0,0,0,0,0,0,0,0,0,0,0,0,0,0,0,0,0,0,0,0,1,0,0
obanned01,1995.0,1972.0,203.0,1260500.0,8.275,217.25,0.3945,717.75,-0.225,0.5750000000000001,0.0030000000000000027,0.3315,35.25,True,0,0,0,0,0,0,0,0,0,0,0,0,0,0,0,0,0,0,0,1,0,0,0,0,0,0,0,0,0,0,0,0,0,0,0,0,0,0,0,0,0,1,0
obryapa01,2006.0,1986.0,213.0,1733020.0,11.0,47.833333333333336,0.5213333333333334,129.83333333333334,-0.09999999999999999,0.25000000000000006,0.042166666666666665,0.4995,6.0,True,0,0,0,0,0,0,0,0,0,1,0,0,0,0,0,0,0,0,0,0,0,0,0,0,0,0,0,0,0,0,0,0,0,0,0,0,0,0,1,0,0,0,0
okoremi01,1980.0,1958.0,201.0,244000.0,12.4,438.0,0.518,1119.0,0.9,1.0,0.081,0.494,102.0,True,0,0,0,0,0,0,0,0,0,0,0,0,0,0,0,0,0,0,0,1,0,0,0,0,0,0,0,0,0,0,0,0,0,0,0,0,0,0,0,0,0,0,1
olynyke01,2013.0,1991.0,213.0,2330323.5,15.650000000000002,657.0,0.567,1439.0,1.825,1.85,0.12225,0.47700000000000004,117.75,False,0,0,0,0,0,0,1,0,0,0,0,0,0,0,0,0,0,0,0,0,0,0,0,0,0,0,0,0,0,0,0,0,0,0,0,0,0,0,1,0,0,0,0
ortizjo01,1987.0,1963.0,208.0,275000.0,8.1,141.0,0.477,327.0,-0.5,0.5,-0.01,0.44,11.0,False,0,0,0,0,0,0,0,0,0,0,0,0,0,0,0,0,0,0,0,0,0,0,0,0,0,0,0,0,0,0,0,0,0,0,1,0,0,0,0,0,1,0,0
papagge01,2016.0,1997.0,216.0,2202240.0,12.7,124.0,0.573,355.0,0.1,0.3,0.058,0.549,20.0,False,0,0,0,0,0,0,0,0,0,0,0,0,0,0,0,0,0,0,0,0,0,0,0,0,0,0,0,1,0,0,0,0,0,0,0,0,0,0,1,0,0,0,0
parksch02,1995.0,1972.0,196.0,1455128.0,11.72,298.8,0.49800000000000005,1091.8,0.7,1.02,0.0732,0.46880000000000005,37.4,False,0,0,0,0,0,0,1,0,0,0,0,0,0,0,0,0,0,0,0,0,0,0,0,0,0,0,0,0,0,0,0,0,0,0,0,0,0,0,0,0,1,0,0
pattepa01,2010.0,1989.0,206.0,2802305.777777778,14.344444444444443,450.0,0.5376666666666666,1235.888888888889,1.822222222222222,1.0444444444444445,0.10566666666666667,0.47988888888888886,63.0,False,0,0,0,0,0,0,0,0,0,0,1,0,0,0,0,0,0,0,0,0,0,0,0,0,0,0,0,0,0,0,0,0,0,0,0,0,0,0,0,0,1,0,0
payneca01,2015.0,1994.0,190.0,2089740.0,7.175,150.75,0.429,405.5,-0.25,0.4000000000000001,-0.009749999999999998,0.3515,54.5,False,0,0,0,0,0,0,0,0,0,0,0,0,0,0,0,0,0,0,0,0,0,0,0,0,1,0,0,0,0,0,0,0,0,0,0,0,0,0,0,1,0,0,0
paytoel01,2014.0,1994.0,193.0,2505720.0,14.966666666666669,851.6666666666666,0.48466666666666663,2348.6666666666665,0.9666666666666667,2.0,0.06066666666666667,0.44399999999999995,510.0,True,0,0,0,0,0,0,0,0,0,0,0,0,0,0,0,0,0,0,0,0,0,0,0,0,0,0,1,0,0,0,0,0,0,0,0,0,0,0,0,1,0,0,0
peelean01,1992.0,1969.0,193.0,1120000.0,13.8,746.4,0.5206000000000001,1607.4,1.16,0.8400000000000001,0.0626,0.43600000000000005,151.2,False,0,0,0,0,0,0,0,0,0,0,0,0,0,0,1,0,0,0,0,0,0,0,0,0,0,0,0,0,0,0,0,0,0,0,0,0,0,0,0,0,0,1,0
perduwi01,1988.0,1965.0,213.0,500000.0,12.474999999999998,266.0,0.5225,791.75,0.525,1.275,0.08374999999999999,0.50025,53.0,False,0,0,0,0,1,0,0,0,0,0,0,0,0,0,0,0,0,0,0,0,0,0,0,0,0,0,0,0,0,0,0,0,0,0,0,0,0,0,1,0,0,0,0
perryti01,1988.0,1965.0,206.0,712500.0,13.5,540.75,0.5467500000000001,1447.0,1.125,1.5,0.09525,0.51225,76.25,True,0,0,0,0,0,0,0,0,0,0,0,0,0,0,0,0,0,0,0,0,0,0,0,0,0,0,0,1,0,0,0,0,0,0,0,0,0,0,0,0,1,0,0
piatker01,1994.0,1970.0,201.0,1340200.0,15.02,505.6,0.5650000000000001,1144.2,2.08,0.26,0.099,0.43600000000000005,63.0,False,0,0,0,0,0,0,0,0,0,0,0,1,0,0,0,0,0,0,0,0,0,0,0,0,0,0,0,0,0,0,0,0,0,0,0,0,0,0,0,0,0,1,0
piercpa01,1998.0,1977.0,201.0,3279364.2,21.259999999999998,1696.2,0.5509999999999999,2746.6,5.5200000000000005,3.78,0.16,0.4386,239.8,True,0,1,0,0,0,0,0,0,0,0,0,0,0,0,0,0,0,0,0,0,0,0,0,0,0,0,0,0,0,0,0,0,0,0,0,0,0,0,0,0,0,1,0
pietrmi01,2003.0,1982.0,198.0,2246091.2,12.559999999999999,533.8,0.5412,1304.0,1.0,1.1,0.07719999999999999,0.43479999999999996,52.8,False,0,0,0,0,0,0,0,0,0,1,0,0,0,0,0,0,0,0,0,0,0,0,0,0,0,0,0,0,0,0,0,0,0,0,0,0,0,0,0,1,0,0,0
pincked01,1985.0,1963.0,206.0,338000.0,15.8,601.6,0.5953999999999999,1360.6,2.0800000000000005,1.34,0.1246,0.5269999999999999,78.4,True,0,0,0,0,0,0,0,0,0,0,0,0,0,0,0,0,0,0,0,0,0,0,0,0,0,0,0,1,0,0,0,0,0,0,0,0,0,0,0,0,1,0,0
poeltja01,2016.0,1995.0,213.0,2703960.0,12.2,165.0,0.589,626.0,0.9,0.7,0.125,0.583,12.0,True,0,0,0,0,0,0,0,0,0,0,0,0,0,0,0,0,0,0,0,0,0,0,0,0,0,0,0,0,0,0,0,0,0,1,0,0,0,0,1,0,0,0,0
polynol01,1987.0,1964.0,211.0,541666.6666666666,12.549999999999999,456.5,0.5558333333333333,1322.1666666666667,1.4833333333333334,1.4833333333333334,0.1045,0.529,30.666666666666668,True,0,0,0,0,1,0,0,0,0,0,0,0,0,0,0,0,0,0,0,0,0,0,0,0,0,0,0,0,0,0,0,0,0,0,0,0,0,0,1,0,0,0,0
potapvi01,1996.0,1975.0,208.0,2059080.0,12.328571428571427,481.0,0.5124285714285715,1305.142857142857,0.31428571428571433,1.457142857142857,0.06228571428571429,0.4782857142857143,55.42857142857143,False,0,0,0,0,0,1,0,0,0,0,0,0,0,0,0,0,0,0,0,0,0,0,0,0,0,0,0,0,0,0,0,0,0,0,0,0,0,0,1,0,0,0,0
przybjo01,2000.0,1979.0,216.0,1977732.4285714286,8.1,121.57142857142857,0.45957142857142863,642.2857142857143,0.2285714285714286,0.8142857142857142,0.04257142857142857,0.43116666666666664,17.571428571428573,True,0,0,0,0,0,0,0,0,0,0,1,0,0,0,0,0,0,0,0,0,0,0,0,0,0,0,0,0,0,0,0,0,0,0,0,0,0,0,1,0,0,0,0
radmavl01,2001.0,1980.0,208.0,2354584.1428571427,13.628571428571428,615.2857142857143,0.5348571428571428,1609.2857142857142,1.6571428571428573,1.2142857142857142,0.08800000000000001,0.4115714285714285,96.85714285714286,False,0,0,0,0,0,0,0,0,0,0,0,0,0,0,0,0,0,0,0,0,0,0,0,0,0,0,0,0,0,0,0,0,1,0,0,0,0,0,0,0,0,0,1
radojal01,1999.0,1976.0,221.0,1325760.0,2.4,7.0,0.363,24.0,-0.2,0.1,-0.202,0.286,1.0,False,0,0,0,0,0,0,0,0,0,0,0,0,0,0,0,0,0,0,0,0,0,0,0,0,0,0,0,0,0,0,0,0,0,1,0,0,0,0,1,0,0,0,0
randlju01,2014.0,1994.0,206.0,3132240.0,7.566666666666667,632.0,0.42766666666666664,1477.3333333333333,0.5333333333333333,1.1333333333333333,-0.053666666666666675,0.4166666666666667,136.0,True,0,0,0,0,0,0,0,0,0,0,0,0,0,0,1,0,0,0,0,0,0,0,0,0,0,0,0,0,0,0,0,0,0,0,0,0,0,0,0,0,1,0,0
randoan01,2008.0,1989.0,208.0,2004267.4285714286,15.87142857142857,269.7142857142857,0.4975714285714285,557.7142857142857,0.15714285714285717,0.6428571428571429,0.05314285714285715,0.4487142857142858,26.857142857142858,False,0,0,0,0,0,0,0,0,0,1,0,0,0,0,0,0,0,0,0,0,0,0,0,0,0,0,0,0,0,0,0,0,0,0,0,0,0,0,0,0,1,0,0
rasmubl01,1985.0,1962.0,213.0,302500.0,12.1,579.3333333333334,0.4856666666666667,1139.0,0.6666666666666666,1.3,0.05266666666666667,0.448,47.666666666666664,False,0,0,0,0,0,0,0,1,0,0,0,0,0,0,0,0,0,0,0,0,0,0,0,0,0,0,0,0,0,0,0,0,0,0,0,0,0,0,1,0,0,0,0
redicjj01,2006.0,1984.0,188.0,3218001.6,12.680000000000001,431.0,0.579,1066.0,1.94,1.16,0.1276,0.425,77.0,False,0,0,0,0,0,0,0,0,0,0,0,0,0,0,0,0,0,0,0,0,0,0,0,0,0,1,0,0,0,0,0,0,0,0,0,0,0,0,0,0,0,1,0
reevebr01,1995.0,1973.0,213.0,4194669.2,13.219999999999999,864.6,0.5035999999999999,2047.8,1.0599999999999998,0.9800000000000001,0.0374,0.4640000000000001,108.6,True,0,0,0,0,0,0,0,0,0,0,0,0,0,0,0,0,0,0,0,0,0,0,0,0,0,0,0,0,0,0,0,0,0,0,0,1,0,0,1,0,0,0,0
reevekh01,1994.0,1972.0,190.0,1569100.0,10.849999999999998,297.6,0.5062,816.6,0.65,0.45,0.0509,0.40470000000000006,122.8,False,0,0,0,0,0,0,0,0,0,0,0,0,0,0,0,0,1,0,0,0,0,0,0,0,0,0,0,0,0,0,0,0,0,0,0,0,0,0,0,1,0,0,0
reidjr01,1989.0,1968.0,203.0,1324000.0,12.457142857142857,651.0,0.523,1657.0,0.38571428571428573,1.7428571428571433,0.06985714285714285,0.4681428571428571,72.0,True,0,0,0,1,0,0,0,0,0,0,0,0,0,0,0,0,0,0,0,0,0,0,0,0,0,0,0,0,0,0,0,0,0,0,0,0,0,0,0,0,1,0,0
respesh01,1995.0,1972.0,185.0,1469908.5714285714,10.742857142857142,189.28571428571428,0.516,522.4285714285714,0.39999999999999997,0.1285714285714286,0.03071428571428571,0.41314285714285715,38.57142857142857,True,0,0,0,0,0,0,0,0,0,0,0,0,0,0,0,0,0,0,0,0,0,0,0,0,0,0,0,0,1,0,0,0,0,0,0,0,0,0,0,0,0,1,0
richaja01,2001.0,1981.0,198.0,4048997.2,16.720000000000002,1438.8,0.5096,2772.8,3.16,1.8200000000000003,0.085,0.4332,244.4,True,0,0,0,0,0,0,0,0,0,1,0,0,0,0,0,0,0,0,0,0,0,0,0,0,0,0,0,0,0,0,0,0,0,0,0,0,0,0,0,0,0,0,1
richapo01,1989.0,1966.0,185.0,967250.0,15.825,972.5,0.49524999999999997,2373.5,2.625,1.175,0.075,0.46675,557.25,True,0,0,0,0,0,0,0,0,0,0,0,0,0,0,0,0,0,0,1,0,0,0,0,0,0,0,0,0,0,0,0,0,0,0,0,0,0,0,0,1,0,0,0
rideris01,1993.0,1971.0,196.0,3066000.0,14.88,1399.2,0.5404,2600.6,2.1399999999999997,1.3800000000000001,0.0646,0.4532,217.8,True,0,0,0,0,0,0,0,0,0,0,0,0,0,0,0,0,0,0,1,0,0,0,0,0,0,0,0,0,0,0,0,0,0,0,0,0,0,0,0,0,0,1,0
ridnolu01,2003.0,1981.0,188.0,2703895.6,13.74,657.6,0.49939999999999996,1924.8,2.2600000000000007,0.52,0.0638,0.4138,361.0,False,0,0,0,0,0,0,0,0,0,0,0,0,0,0,0,0,0,0,0,0,0,0,0,0,0,0,0,0,0,0,0,0,1,0,0,0,0,0,0,1,0,0,0
riverau01,2012.0,1992.0,193.0,3713845.714285714,10.142857142857142,492.7142857142857,0.4888571428571429,1343.0,0.2571428571428571,0.7285714285714285,0.034999999999999996,0.4114285714285715,128.57142857142858,True,0,0,0,0,0,0,0,0,0,0,0,0,0,0,0,0,0,0,0,0,1,0,0,0,0,0,0,0,0,0,0,0,0,0,0,0,0,0,0,1,0,0,0
roberal01,1984.0,1962.0,190.0,479062.5,18.525,1389.75,0.52725,2710.0,2.5500000000000003,3.475,0.10599999999999998,0.482,454.75,True,0,0,0,0,0,0,0,0,0,0,0,0,0,0,0,0,0,0,0,0,0,0,0,0,0,0,0,0,0,0,1,0,0,0,0,0,0,0,0,0,0,1,0
robinru01,1990.0,1966.0,188.0,1128333.3333333333,9.25,375.6666666666667,0.4406666666666667,878.5,-0.3166666666666667,0.8166666666666668,-0.035,0.4056666666666667,171.16666666666666,True,1,0,0,0,0,0,0,0,0,0,0,0,0,0,0,0,0,0,0,0,0,0,0,0,0,0,0,0,0,0,0,0,0,0,0,0,0,0,0,1,0,0,0
robinth01,2012.0,1991.0,208.0,2968633.4444444445,13.888888888888888,241.0,0.484,673.1111111111111,-0.18888888888888888,0.8444444444444444,0.05333333333333333,0.4705555555555555,29.88888888888889,True,0,0,0,0,0,0,0,0,0,0,0,0,0,0,0,0,0,0,0,0,0,0,0,0,0,0,0,0,0,1,0,0,0,0,0,0,0,0,0,0,1,0,0
rogerca01,1994.0,1971.0,211.0,1498428.5714285714,14.62857142857143,235.42857142857142,0.555,602.4285714285714,0.6142857142857142,0.35714285714285715,0.09557142857142857,0.5862857142857143,20.857142857142858,False,0,0,0,0,0,0,0,0,0,0,0,0,0,0,0,0,0,0,0,0,0,0,0,0,0,0,0,0,0,0,0,0,1,0,0,0,0,0,0,0,1,0,0
rogerro01,1993.0,1971.0,201.0,1710000.0,14.319999999999999,922.8,0.5316000000000001,2095.4,1.1600000000000001,1.72,0.0664,0.46440000000000003,170.6,True,0,0,0,0,0,0,0,1,0,0,0,0,0,0,0,0,0,0,0,0,0,0,0,0,0,0,0,0,0,0,0,0,0,0,0,0,0,0,0,0,0,0,1
roseja01,1994.0,1973.0,203.0,1560100.0,14.34,652.2,0.5336000000000001,1612.8,1.2199999999999998,1.58,0.08299999999999999,0.4542,257.4,False,0,0,0,0,0,0,0,1,0,0,0,0,0,0,0,0,0,0,0,0,0,0,0,0,0,0,0,0,0,0,0,0,0,0,0,0,0,0,0,0,0,1,0
rosste01,2012.0,1991.0,201.0,5941405.285714285,12.27142857142857,655.5714285714286,0.5368571428571429,1592.4285714285713,1.2142857142857142,1.3714285714285714,0.07442857142857143,0.4257142857142857,64.28571428571429,True,0,0,0,0,0,0,0,0,0,0,0,0,0,0,0,0,0,0,0,0,0,0,0,0,0,0,0,0,0,0,0,0,0,1,0,0,0,0,0,0,0,0,1
roybr01,2006.0,1984.0,198.0,5216111.2,19.32,1221.4,0.5422,2287.8,5.76,1.7400000000000002,0.1464,0.4526,298.8,True,0,0,0,0,0,0,0,0,0,0,0,0,0,0,0,0,0,0,1,0,0,0,0,0,0,0,0,0,0,0,0,0,0,0,0,0,0,0,0,0,0,1,0
rubiori01,2009.0,1990.0,193.0,3741120.0,15.399999999999999,608.3333333333334,0.48299999999999993,1911.0,1.0333333333333334,2.5666666666666664,0.08733333333333333,0.36599999999999994,486.0,True,0,0,0,0,0,0,0,0,0,0,0,0,0,0,0,0,0,0,1,0,0,0,0,0,0,0,0,0,0,0,0,0,0,0,0,0,0,0,0,1,0,0,0
rushbr01,2008.0,1985.0,198.0,2551805.4,11.260000000000002,527.8,0.5746,1558.0,0.6799999999999999,1.22,0.05820000000000001,0.48699999999999993,66.0,False,0,0,0,0,0,0,0,0,0,0,0,0,0,0,0,0,0,0,0,0,0,0,0,0,0,0,0,0,1,0,0,0,0,0,0,0,0,0,0,0,0,1,0
sabondo01,2016.0,1996.0,211.0,2440200.0,6.9,479.0,0.469,1632.0,-1.0,1.8,0.022,0.399,82.0,False,0,0,0,0,0,0,0,0,0,0,0,0,0,0,0,0,0,0,0,0,0,0,0,0,0,1,0,0,0,0,0,0,0,0,0,0,0,0,1,0,0,0,0
sallejo01,1986.0,1964.0,211.0,430000.0,13.4,570.6666666666666,0.5760000000000001,1703.3333333333333,2.0,2.766666666666667,0.134,0.513,86.0,False,0,0,0,0,0,0,0,0,1,0,0,0,0,0,0,0,0,0,0,0,0,0,0,0,0,0,0,0,0,0,0,0,0,0,0,0,0,0,1,0,0,0,0
sandela01,2010.0,1988.0,211.0,3927801.6,14.440000000000001,303.2,0.4838,924.4,0.36,1.7,0.09340000000000001,0.473,34.8,False,0,0,0,0,0,0,0,0,0,0,0,0,0,0,0,0,0,1,0,0,0,0,0,0,0,0,0,0,0,0,0,0,0,0,0,0,0,0,0,0,1,0,0
saricda01,2014.0,1994.0,208.0,2318280.0,12.8,1040.0,0.508,2129.0,-1.2,2.2,0.023,0.411,182.0,False,0,0,0,0,0,0,0,0,0,0,0,0,0,0,0,0,0,0,0,0,0,0,0,0,0,1,0,0,0,0,0,0,0,0,0,0,0,0,0,0,1,0,0
schayda01,1981.0,1959.0,211.0,287500.0,13.100000000000001,428.5,0.5825,1098.0,1.5,1.4500000000000002,0.1215,0.48350000000000004,58.5,False,0,0,0,0,0,0,0,0,0,0,0,0,0,0,0,0,0,0,0,0,0,0,0,0,0,0,0,0,0,0,0,0,0,0,1,0,0,0,1,0,0,0,0
schrede01,1985.0,1963.0,206.0,400000.0,14.14,550.2,0.5486,1251.2,1.64,1.0,0.0972,0.46419999999999995,121.0,True,0,0,0,0,0,0,1,0,0,0,0,0,0,0,0,0,0,0,0,0,0,0,0,0,0,0,0,0,0,0,0,0,0,0,0,0,0,0,0,0,0,0,1
sealyma01,1992.0,1970.0,203.0,1260000.0,13.4,636.8,0.484,1391.2,0.26000000000000006,1.1800000000000002,0.0436,0.4154,96.6,False,0,0,0,0,0,0,0,0,0,0,0,1,0,0,0,0,0,0,0,0,0,0,0,0,0,0,0,0,0,0,0,0,0,0,0,0,0,0,0,0,0,0,1
sefolth01,2006.0,1984.0,201.0,2183935.4285714286,10.914285714285715,341.14285714285717,0.5021428571428571,1372.4285714285713,0.2714285714285714,1.8714285714285714,0.07114285714285715,0.43457142857142855,95.28571428571429,False,0,0,0,0,0,0,0,0,0,0,0,0,0,0,0,0,0,0,0,0,0,0,0,0,0,0,1,0,0,0,0,0,0,0,0,0,0,0,0,0,0,0,1
seikaro01,1988.0,1965.0,211.0,1447250.0,15.15,1106.5,0.526,2347.25,0.95,2.875,0.07200000000000001,0.47450000000000003,89.75,True,0,0,0,0,0,0,0,0,0,0,0,0,0,0,0,0,1,0,0,0,0,0,0,0,0,0,0,0,0,0,0,0,0,0,0,0,0,0,1,0,0,0,0
sellebr01,1986.0,1962.0,213.0,430915.0,10.649999999999999,664.0,0.5125,1972.0,1.3,1.7,0.072,0.471,120.0,True,0,0,0,0,1,0,0,0,0,0,0,0,0,0,0,0,0,0,0,0,0,0,0,0,0,0,0,0,0,0,0,0,0,0,0,0,0,0,0,0,1,0,0
senesa01,2006.0,1986.0,201.0,2164272.0,24.96,24.6,0.6083999999999999,57.8,0.02,0.08,0.1766,0.5412,0.2,True,0,0,0,0,0,0,0,0,0,0,0,0,0,0,0,0,0,0,0,0,0,0,0,0,0,0,0,0,0,0,0,0,1,0,0,0,0,0,1,0,0,0,0
simmoce01,2006.0,1986.0,206.0,1661588.5714285714,3.1714285714285717,28.571428571428573,0.30742857142857144,125.14285714285714,-0.1571428571428571,0.12857142857142856,-0.09542857142857142,0.32142857142857145,2.2857142857142856,False,0,0,0,0,0,0,0,0,0,0,0,0,0,0,0,0,0,0,0,0,0,0,1,0,0,0,0,0,0,0,0,0,0,0,0,0,0,0,0,0,1,0,0
simmoli01,1990.0,1968.0,201.0,1521480.0,14.440000000000001,1089.6,0.49079999999999996,2428.2,0.52,2.5800000000000005,0.059,0.4356,271.6,True,0,0,0,0,0,0,0,0,0,0,0,0,0,0,0,0,0,0,0,0,0,0,0,0,0,0,0,0,0,1,0,0,0,0,0,0,0,0,0,0,0,0,1
smartma01,2014.0,1994.0,193.0,3431080.0,11.433333333333332,638.6666666666666,0.48,1958.0,0.5666666666666667,2.433333333333333,0.07466666666666667,0.35799999999999993,252.33333333333334,True,0,1,0,0,0,0,0,0,0,0,0,0,0,0,0,0,0,0,0,0,0,0,0,0,0,0,0,0,0,0,0,0,0,0,0,0,0,0,0,0,0,1,0
smithdo03,1991.0,1969.0,188.0,1479000.0,10.180000000000001,471.2,0.44460000000000005,1166.6,-0.3600000000000001,0.96,-0.0010000000000000009,0.41200000000000003,80.0,True,0,0,0,0,0,0,1,0,0,0,0,0,0,0,0,0,0,0,0,0,0,0,0,0,0,0,0,0,0,0,0,0,0,0,0,0,0,0,0,0,1,0,0
smithke01,1987.0,1965.0,190.0,883250.0,15.225000000000001,1190.25,0.554,2687.25,3.5000000000000004,1.5999999999999999,0.09025,0.48350000000000004,542.75,True,0,0,0,0,0,0,0,0,0,0,0,0,0,0,0,0,0,0,0,0,0,0,0,0,0,0,0,0,0,1,0,0,0,0,0,0,0,0,0,1,0,0,0
smithmi01,1989.0,1965.0,208.0,525000.0,14.3,218.0,0.514,389.0,0.1,0.2,0.042,0.475,43.0,False,0,1,0,0,0,0,0,0,0,0,0,0,0,0,0,0,0,0,0,0,0,0,0,0,0,0,0,0,0,0,0,0,0,0,0,0,0,0,0,0,1,0,0
smithst01,1991.0,1969.0,201.0,2161385.714285714,16.3,985.2857142857143,0.544,2054.0,3.7714285714285714,1.457142857142857,0.12142857142857143,0.4321428571428571,244.42857142857142,True,0,0,0,0,0,0,0,0,0,0,0,0,0,0,0,0,1,0,0,0,0,0,0,0,0,0,0,0,0,0,0,0,0,0,0,0,0,0,0,0,0,1,0
spencfe01,1990.0,1968.0,213.0,1496450.0,11.440000000000001,452.8,0.5428,1598.2,1.2799999999999998,1.7400000000000002,0.0874,0.47919999999999996,31.0,True,0,0,0,0,0,0,0,0,0,0,0,0,0,0,0,0,0,0,1,0,0,0,0,0,0,0,0,0,0,0,0,0,0,0,0,0,0,0,1,0,0,0,0
stanste01,1984.0,1961.0,196.0,160000.0,9.5,498.0,0.499,1331.0,-0.9,1.5,0.02,0.433,206.0,False,0,0,0,0,0,0,1,0,0,0,0,0,0,0,0,0,0,0,0,0,0,0,0,0,0,0,0,0,0,0,0,0,0,0,0,0,0,0,0,0,0,1,0
stausni01,2014.0,1993.0,198.0,2869440.0,8.566666666666666,564.0,0.5163333333333333,1708.0,0.13333333333333333,0.6999999999999998,0.021333333333333333,0.38199999999999995,131.0,True,0,0,0,0,0,0,0,0,0,0,0,0,0,0,0,0,0,0,0,0,0,0,0,0,0,0,0,0,0,1,0,0,0,0,0,0,0,0,0,0,0,1,0
stithbr01,1992.0,1970.0,196.0,1655000.0,13.419999999999998,834.8,0.5378000000000001,2129.0,2.6399999999999997,1.8,0.0976,0.43999999999999995,155.0,False,0,0,0,0,0,0,0,1,0,0,0,0,0,0,0,0,0,0,0,0,0,0,0,0,0,0,0,0,0,0,0,0,0,0,0,0,0,0,0,0,0,1,0
stojape01,1996.0,1977.0,206.0,1395200.0,17.35,1203.0,0.5675,2327.0,5.0,2.5,0.15050000000000002,0.45899999999999996,135.0,False,0,0,0,0,0,0,0,0,0,0,0,0,0,0,0,0,0,0,0,0,0,0,0,0,0,0,0,0,0,1,0,0,0,0,0,0,0,0,0,0,0,0,1
stoudam01,2002.0,1982.0,208.0,4148612.6,20.7,1203.2,0.548,2044.6,4.7,2.5999999999999996,0.15,0.48279999999999995,74.6,True,0,0,0,0,0,0,0,0,0,0,0,0,0,0,0,0,0,0,0,0,0,0,0,0,0,0,0,1,0,0,0,0,0,0,0,0,0,0,1,0,0,0,0
stoudda01,1995.0,1973.0,178.0,3894754.285714286,16.285714285714285,1002.8571428571429,0.5000000000000001,2271.285714285714,3.228571428571428,1.1857142857142857,0.09314285714285715,0.4078571428571428,462.7142857142857,True,0,0,0,0,0,0,0,0,0,0,0,0,0,0,0,0,0,0,0,0,0,0,0,0,0,0,0,0,0,0,0,0,0,1,0,0,0,0,0,1,0,0,0
stuckro01,2007.0,1986.0,196.0,3265817.2,16.04,920.6,0.5130000000000001,1984.8,2.34,1.28,0.0914,0.4226,293.2,False,0,0,0,0,0,0,0,0,1,0,0,0,0,0,0,0,0,0,0,0,0,0,0,0,0,0,0,0,0,0,0,0,0,0,0,0,0,0,0,1,0,0,0
sweetmi01,2003.0,1982.0,203.0,2158399.0,14.599999999999998,379.0,0.526,902.5,0.8,1.175,0.09825,0.47675,36.25,True,0,0,0,0,0,0,0,0,0,0,0,0,0,0,0,0,0,0,0,0,0,0,0,1,0,0,0,0,0,0,0,0,0,0,0,0,0,0,1,0,0,0,0
swiftro01,2004.0,1985.0,213.0,2396521.0,8.075,104.0,0.49475,375.0,0.175,0.225,0.0215,0.46099999999999997,5.0,False,0,0,0,0,0,0,0,0,0,0,0,0,0,0,0,0,0,0,0,0,0,0,0,0,0,0,0,0,0,0,0,0,1,0,0,0,0,0,1,0,0,0,0
szczewa02,1999.0,1977.0,198.0,3484029.4,16.18,943.8,0.5646,2120.4,4.4,1.4,0.13140000000000002,0.4917999999999999,177.4,True,0,0,0,0,0,0,0,0,0,0,0,0,0,0,0,0,0,0,1,0,0,0,0,0,0,0,0,0,0,0,0,0,0,0,0,0,0,0,0,0,0,0,1
tarplro01,1986.0,1964.0,211.0,595000.0,21.76666666666667,507.6666666666667,0.5683333333333332,1023.0,1.5999999999999999,1.9333333333333333,0.16466666666666666,0.5283333333333333,38.333333333333336,True,0,0,0,0,0,0,1,0,0,0,0,0,0,0,0,0,0,0,0,0,0,0,0,0,0,0,0,0,0,0,0,0,0,0,0,0,0,0,0,0,1,0,0
tayloma01,1997.0,1976.0,206.0,1469550.0,14.9,886.75,0.509,1804.25,0.925,0.425,0.03775,0.47250000000000003,81.25,False,0,0,0,0,0,0,0,0,0,0,0,0,0,1,0,0,0,0,0,0,0,0,0,0,0,0,0,0,0,0,0,0,0,0,0,0,0,0,0,0,0,0,1
telfase01,2004.0,1985.0,183.0,1978229.2,10.5,575.2,0.4726,1715.4,-0.16,0.6,0.011200000000000002,0.38839999999999997,277.4,False,0,0,0,0,0,0,0,0,0,0,0,0,0,0,0,0,0,0,0,0,0,0,0,0,0,0,0,0,1,0,0,0,0,0,0,0,0,0,0,1,0,0,0
terryja01,1999.0,1977.0,188.0,3044925.4,16.96,1306.8,0.529,2808.6,4.4,1.5,0.09640000000000001,0.42519999999999997,446.0,True,1,0,0,0,0,0,0,0,0,0,0,0,0,0,0,0,0,0,0,0,0,0,0,0,0,0,0,0,0,0,0,0,0,0,0,0,0,0,0,1,0,0,0
thomaet01,2000.0,1978.0,206.0,2548545.5,15.225,355.5,0.5405000000000001,1002.0,1.15,1.15,0.1115,0.50475,24.25,False,0,0,0,0,0,0,1,0,0,0,0,0,0,0,0,0,0,0,0,0,0,0,0,0,0,0,0,0,0,0,0,0,0,0,0,0,0,0,0,0,1,0,0
thomaku01,1995.0,1972.0,206.0,1476592.0,11.22,372.6,0.48279999999999995,1051.0,0.45999999999999996,1.92,0.0492,0.4434,39.0,True,0,0,0,0,0,0,0,0,0,0,0,0,0,0,0,0,1,0,0,0,0,0,0,0,0,0,0,0,0,0,0,0,0,0,0,0,0,0,1,0,0,0,0
thomati01,1997.0,1977.0,208.0,3923685.714285714,14.97142857142857,618.4285714285714,0.5377142857142857,1367.0,1.8000000000000003,0.9285714285714286,0.10271428571428572,0.447,76.85714285714286,True,0,0,0,0,0,0,0,0,0,0,0,0,0,0,0,0,0,0,0,1,0,0,0,0,0,0,0,0,0,0,0,0,0,0,0,0,0,0,0,0,1,0,0
thompja02,2008.0,1986.0,185.0,2871808.8,14.62,797.2,0.5364,2070.0,2.1799999999999997,1.2200000000000002,0.08120000000000001,0.5025999999999999,93.6,False,0,0,0,0,0,0,0,0,0,0,0,0,0,0,0,0,0,0,0,0,0,0,0,0,0,0,0,0,0,1,0,0,0,0,0,0,0,0,0,0,1,0,0
thompkl01,2011.0,1990.0,201.0,5061264.0,16.26,1422.4,0.5642,2506.6,3.5400000000000005,2.36,0.1096,0.4484,177.0,False,0,0,0,0,0,0,0,0,0,1,0,0,0,0,0,0,0,0,0,0,0,0,0,0,0,0,0,0,0,0,0,0,0,0,0,0,0,0,0,0,0,1,0
thompla01,1982.0,1961.0,208.0,314500.0,16.0,994.5,0.569,2417.5,2.4,3.05,0.108,0.5245,149.0,True,0,0,0,0,0,0,0,0,0,0,0,0,1,0,0,0,0,0,0,0,0,0,0,0,0,0,0,0,0,0,0,0,0,0,0,0,0,0,1,0,0,0,0
thornal01,2007.0,1983.0,203.0,2196463.5,11.95,606.875,0.5221250000000001,1467.0,0.5125,0.7250000000000001,0.044125000000000004,0.46575,63.125,False,0,0,0,0,0,0,0,0,0,0,0,0,0,1,0,0,0,0,0,0,0,0,0,0,0,0,0,0,0,0,0,0,0,0,0,0,0,0,0,0,0,0,1
thorpot01,1984.0,1962.0,206.0,490000.0,16.275000000000002,1217.0,0.5994999999999999,2450.0,3.975,2.1999999999999997,0.117,0.5589999999999999,165.75,True,0,0,0,0,0,0,0,0,0,0,0,0,1,0,0,0,0,0,0,0,0,0,0,0,0,0,0,0,0,0,0,0,0,0,0,0,0,0,1,0,0,0,0
toneyan01,1980.0,1957.0,190.0,310000.0,16.2,1245.0,0.582,2237.0,4.0,1.5,0.118,0.492,363.0,True,0,0,0,0,0,0,0,0,0,0,0,0,0,0,0,0,0,0,0,0,0,0,0,0,0,0,1,0,0,0,0,0,0,0,0,0,0,0,0,0,0,1,0
traylro01,1998.0,1977.0,203.0,1879181.0,15.040000000000001,262.8,0.509,794.8,0.5800000000000001,1.2000000000000002,0.11120000000000001,0.4755999999999999,41.6,True,0,0,0,0,0,0,1,0,0,0,0,0,0,0,0,0,0,0,0,0,0,0,0,0,0,0,0,0,0,0,0,0,0,0,0,0,0,0,0,0,1,0,0
trentga01,1995.0,1974.0,203.0,1312146.7142857143,16.057142857142857,504.2857142857143,0.5218571428571429,1074.2857142857142,1.2857142857142858,1.1999999999999997,0.09171428571428572,0.4895714285714285,54.285714285714285,False,0,0,0,0,0,0,0,0,0,0,0,0,0,0,0,0,0,1,0,0,0,0,0,0,0,0,0,0,0,0,0,0,0,0,0,0,0,0,0,0,0,0,1
tripuke01,1981.0,1959.0,198.0,835500.0,17.5,1335.5,0.5575,2150.5,4.199999999999999,1.65,0.1285,0.4875,200.0,False,0,0,0,0,0,0,0,0,1,0,0,0,0,0,0,0,0,0,0,0,0,0,0,0,0,0,0,0,0,0,0,0,0,0,0,0,0,0,0,0,0,0,1
tskitni01,2002.0,1983.0,213.0,2027403.0,4.0625,74.125,0.3635,283.125,-0.5499999999999999,0.3125,-0.08787500000000001,0.310125,15.875,True,0,0,0,0,0,0,0,1,0,0,0,0,0,0,0,0,0,0,0,0,0,0,0,0,0,0,0,0,0,0,0,0,0,0,0,0,0,0,0,0,0,0,1
tucketr01,1982.0,1959.0,196.0,299333.3333333333,14.200000000000001,755.3333333333334,0.5276666666666667,1766.0,2.1666666666666665,1.4000000000000001,0.09633333333333334,0.4749999999999999,185.66666666666666,True,0,0,0,0,0,0,0,0,0,0,0,0,0,0,0,0,0,0,0,0,0,0,0,1,0,0,0,0,0,0,0,0,0,0,0,0,0,0,0,0,0,1,0
turnemy01,2015.0,1996.0,211.0,2410800.0,16.95,896.0,0.558,1954.0,2.55,3.0,0.13,0.5045,73.5,False,0,0,0,0,0,0,0,0,0,0,0,1,0,0,0,0,0,0,0,0,0,0,0,0,0,0,0,0,0,0,0,0,0,0,0,0,0,0,1,0,0,0,0
turpime01,1984.0,1960.0,211.0,570000.0,14.433333333333332,800.6666666666666,0.5566666666666666,1750.6666666666667,1.6333333333333335,2.1,0.10000000000000002,0.5223333333333334,41.0,True,0,0,0,0,0,0,0,0,0,0,0,0,0,0,0,0,0,0,0,0,0,0,0,0,0,0,0,0,0,0,0,0,0,0,0,0,1,0,1,0,0,0,0
udohek01,2010.0,1987.0,208.0,3132204.5714285714,11.314285714285713,201.71428571428572,0.48742857142857143,836.2857142857143,0.34285714285714286,0.7428571428571429,0.06871428571428571,0.43028571428571427,33.714285714285715,True,0,0,0,0,0,0,0,0,0,1,0,0,0,0,0,0,0,0,0,0,0,0,0,0,0,0,0,0,0,0,0,0,0,0,0,0,0,0,0,0,1,0,0
valanjo01,2011.0,1992.0,213.0,3873250.5,18.725,800.25,0.60775,1854.25,4.075,2.375,0.167,0.55625,45.75,True,0,0,0,0,0,0,0,0,0,0,0,0,0,0,0,0,0,0,0,0,0,0,0,0,0,0,0,0,0,0,0,0,0,1,0,0,0,0,1,0,0,0,0
valende01,2016.0,1993.0,198.0,2092200.0,7.3,291.0,0.492,976.0,-0.5,1.1,0.031,0.354,63.0,False,0,0,0,0,1,0,0,0,0,0,0,0,0,0,0,0,0,0,0,0,0,0,0,0,0,0,0,0,0,0,0,0,0,0,0,0,0,0,0,0,0,1,0
vandeki01,1980.0,1958.0,203.0,755000.0,18.0,1616.0,0.603,2502.0,7.2,1.2,0.161,0.534,106.0,False,0,0,0,0,0,0,1,0,0,0,0,0,0,0,0,0,0,0,0,0,0,0,0,0,0,0,0,0,0,0,0,0,0,0,0,0,0,0,0,0,0,0,1
vaughlo01,1990.0,1968.0,206.0,1380000.0,14.98,804.2,0.5354,1920.4,2.1399999999999997,2.18,0.10900000000000001,0.5076,75.6,False,0,0,0,0,0,0,0,0,0,0,0,0,0,1,0,0,0,0,0,0,0,0,0,0,0,0,0,0,0,0,0,0,0,0,0,0,0,0,0,0,1,0,0
veselja01,2011.0,1990.0,211.0,3276552.0,11.559999999999999,157.4,0.5038,646.2,0.2,0.9199999999999999,0.0862,0.5157999999999999,23.4,True,0,0,0,0,0,0,0,0,0,0,0,0,0,0,0,0,0,0,0,0,0,0,0,0,0,0,0,0,0,0,0,0,0,0,0,0,0,1,0,0,1,0,0
villach01,2005.0,1984.0,211.0,3512362.0,16.34,919.2,0.525,1823.4,1.86,1.3199999999999998,0.0826,0.4508,78.4,True,0,0,0,0,0,0,0,0,0,0,0,0,0,0,0,0,0,0,0,0,0,0,0,0,0,0,0,0,0,0,0,0,0,1,0,0,0,0,0,0,1,0,0
vonleno01,2014.0,1995.0,208.0,2637760.0,10.866666666666665,231.0,0.49033333333333334,899.3333333333334,0.2333333333333333,0.9,0.067,0.4323333333333334,21.666666666666668,True,0,0,0,1,0,0,0,0,0,0,0,0,0,0,0,0,0,0,0,0,0,0,0,0,0,0,0,0,0,0,0,0,0,0,0,0,0,0,0,0,1,0,0
vraneda01,1981.0,1958.0,201.0,396000.0,8.05,370.5,0.4775,1866.0,-0.19999999999999998,2.15,0.052000000000000005,0.462,110.0,True,0,0,0,0,0,0,0,0,0,0,0,0,0,0,0,0,0,0,0,0,0,0,0,0,0,0,0,0,0,0,0,0,1,0,0,0,0,0,0,0,0,0,1
wadedw01,2003.0,1982.0,193.0,5077034.6,23.740000000000002,1507.2,0.56,2375.4,5.36,3.04,0.16399999999999998,0.4796,407.2,True,0,0,0,0,0,0,0,0,0,0,0,0,0,0,0,0,1,0,0,0,0,0,0,0,0,0,0,0,0,0,0,0,0,0,0,0,0,0,0,1,0,0,0
wagneda02,2002.0,1983.0,183.0,2046262.75,10.425,241.0,0.58925,550.5,-0.15,0.15,0.006499999999999999,0.5155000000000001,48.75,True,0,0,0,0,0,1,0,0,0,0,0,0,0,0,0,0,0,0,0,0,0,0,0,0,0,0,0,0,0,0,0,0,0,0,0,0,0,0,0,0,0,1,0
walkean02,1996.0,1976.0,193.0,4944216.0,17.4,1526.2,0.48600000000000004,2837.2,1.28,2.8200000000000003,0.0698,0.4206,283.0,True,0,1,0,0,0,0,0,0,0,0,0,0,0,0,0,0,0,0,0,0,0,0,0,0,0,0,0,0,0,0,0,0,0,0,0,0,0,0,0,0,1,0,0
walkeda01,1983.0,1961.0,193.0,298333.3333333333,13.1,750.3333333333334,0.474,1817.3333333333333,-0.26666666666666666,2.1666666666666665,0.04833333333333334,0.41900000000000004,281.6666666666667,False,0,0,0,0,0,0,0,0,0,0,0,0,0,0,0,0,0,0,0,0,0,0,0,1,0,0,0,0,0,0,0,0,0,0,0,0,0,0,0,1,0,0,0
walkeke01,1986.0,1964.0,203.0,703333.3333333334,11.466666666666669,491.6666666666667,0.517,1357.6666666666667,1.5,1.4333333333333333,0.09999999999999999,0.4656666666666667,45.0,True,0,0,0,0,0,0,0,0,0,0,0,0,0,0,0,0,0,0,0,0,0,0,0,1,0,0,0,0,0,0,0,0,0,0,0,0,0,0,0,0,1,0,0
walkeke02,2011.0,1990.0,203.0,4545946.2,17.779999999999998,1261.4,0.504,2453.8,2.6799999999999997,2.2199999999999998,0.08960000000000001,0.3988,389.2,True,0,0,1,0,0,0,0,0,0,0,0,0,0,0,0,0,0,0,0,0,0,0,0,0,0,0,0,0,0,0,0,0,0,0,0,0,0,0,0,1,0,0,0
walkesa01,1996.0,1976.0,206.0,1995117.4,12.9,297.8,0.5006,828.0,0.1,1.1800000000000002,0.0684,0.46440000000000003,22.8,True,0,0,0,0,0,0,1,0,0,0,0,0,0,0,0,0,0,0,0,0,0,0,0,0,0,0,0,0,0,0,0,0,0,0,0,0,0,0,0,0,1,0,0
warretj01,2014.0,1993.0,208.0,2041040.0,15.1,570.3333333333334,0.5463333333333334,1244.0,1.8,0.7000000000000001,0.09400000000000001,0.508,48.0,False,0,0,0,0,0,0,0,0,0,0,0,0,0,0,0,0,0,0,0,0,0,0,0,0,0,0,0,1,0,0,0,0,0,0,0,0,0,0,0,0,0,0,1
washipe01,1986.0,1964.0,188.0,322500.0,13.05,522.0,0.4885,1222.0,-0.55,1.1,0.023,0.436,216.0,False,0,0,0,0,0,0,0,0,0,0,0,0,0,0,0,0,0,0,0,1,0,0,0,0,0,0,0,0,0,0,0,0,0,0,0,0,0,0,0,1,0,0,0
weathcl01,1992.0,1970.0,198.0,1946666.6666666667,16.099999999999998,1386.3333333333333,0.511,2930.6666666666665,1.6333333333333335,2.6333333333333333,0.06899999999999999,0.46366666666666667,184.66666666666666,True,0,0,0,0,0,0,0,0,0,0,0,0,0,0,0,0,0,0,0,0,0,0,0,0,0,0,1,0,0,0,0,0,0,0,0,0,0,0,0,0,0,0,1
webstma02,2005.0,1986.0,216.0,3291098.6,7.5200000000000005,509.0,0.4292000000000001,1394.2,1.1199999999999999,0.9,0.011000000000000001,0.3244,47.6,True,0,0,0,0,0,0,0,0,0,0,0,0,0,0,0,0,0,0,0,0,0,0,0,0,0,0,0,0,1,0,0,0,0,0,0,0,0,0,0,0,0,0,1
wellsbo01,1998.0,1976.0,196.0,2477079.8,19.300000000000004,790.8,0.5418000000000001,1587.2,1.72,2.12,0.1156,0.497,151.6,False,0,0,0,0,0,0,0,0,1,0,0,0,0,0,0,0,0,0,0,0,0,0,0,0,0,0,0,0,0,0,0,0,0,0,0,0,0,0,0,0,0,0,1
whatlen01,1983.0,1962.0,190.0,200000.0,9.58,83.8,0.4596,319.8,-0.06000000000000001,0.22000000000000003,-0.02619999999999999,0.44139999999999996,85.4,False,0,0,0,0,0,0,0,0,0,0,0,0,1,0,0,0,0,0,0,0,0,0,0,0,0,0,0,0,0,0,0,0,0,0,0,0,0,0,0,1,0,0,0
whitera01,1989.0,1967.0,203.0,859250.0,11.575000000000001,461.5,0.467,1168.75,-0.525,1.0499999999999998,0.02375,0.40375000000000005,38.5,True,0,0,0,0,0,0,1,0,0,0,0,0,0,0,0,0,0,0,0,0,0,0,0,0,0,0,0,0,0,0,0,0,0,0,0,0,0,0,0,0,1,0,0
whitero02,2001.0,1980.0,203.0,1809202.5,11.616666666666667,305.5,0.46849999999999997,671.8333333333334,-0.3833333333333333,0.75,0.009499999999999998,0.40650000000000003,46.833333333333336,True,0,0,0,0,0,0,0,0,1,0,0,0,0,0,0,0,0,0,0,0,0,0,0,0,0,0,0,0,0,0,0,0,0,0,0,0,0,0,0,0,0,0,1
wilcoch01,2002.0,1982.0,208.0,2983839.5714285714,15.557142857142853,502.0,0.5705714285714286,1209.7142857142858,1.9,0.8571428571428571,0.106,0.5405714285714286,42.285714285714285,True,0,0,0,0,0,0,0,0,0,0,0,0,0,1,0,0,0,0,0,0,0,0,0,0,0,0,0,0,0,0,0,0,0,0,0,0,0,0,1,0,0,0,0
willico02,1995.0,1973.0,188.0,1446704.0,13.5,811.4,0.5229999999999999,1700.2,1.3599999999999999,1.1199999999999999,0.05319999999999999,0.4888,105.0,False,0,0,0,0,0,0,0,0,0,0,0,0,0,0,0,0,0,0,0,0,0,0,0,0,0,0,0,0,0,1,0,0,0,0,0,0,0,0,0,0,1,0,0
willier01,1995.0,1972.0,203.0,1827904.0,13.219999999999999,521.6,0.5106,1241.6,1.1400000000000001,0.33999999999999997,0.0518,0.4164,68.2,False,0,1,0,0,0,0,0,0,0,0,0,0,0,0,0,0,0,0,0,0,0,0,0,0,0,0,0,0,0,0,0,0,0,0,0,0,0,0,0,0,0,1,0
willihe01,1981.0,1958.0,208.0,237500.0,16.7,1462.0,0.519,2663.5,0.5,3.6500000000000004,0.074,0.4835,213.0,False,0,0,0,0,0,0,0,0,0,0,0,1,0,0,0,0,0,0,0,0,0,0,0,0,0,0,0,0,0,0,0,0,0,0,0,0,0,0,0,0,1,0,0
willija02,1998.0,1975.0,206.0,2681014.4,13.88,847.6,0.485,2299.6,0.86,1.7,0.0548,0.3848,490.8,True,0,0,0,0,0,0,0,0,0,0,0,0,0,0,0,0,0,0,0,0,0,0,0,0,0,0,0,0,0,1,0,0,0,0,0,0,0,0,0,1,0,0,0
willijo02,1986.0,1966.0,188.0,552666.6666666666,15.933333333333335,859.3333333333334,0.503,1927.3333333333333,1.7,2.5666666666666664,0.09500000000000001,0.4506666666666667,240.33333333333334,False,0,0,0,0,0,0,0,0,0,0,0,0,0,0,0,0,0,0,0,0,0,0,0,0,0,0,0,0,0,0,0,0,0,0,0,0,1,0,0,0,0,0,1
willike02,1984.0,1962.0,188.0,346500.0,14.05,940.5,0.5465,2195.5,1.5499999999999998,2.9,0.097,0.5175000000000001,36.5,False,1,0,0,0,0,0,0,0,0,0,0,0,0,0,0,0,0,0,0,0,0,0,0,0,0,0,0,0,0,0,0,0,0,0,0,0,0,0,0,0,1,0,0
willish02,2006.0,1983.0,185.0,2385081.1818181816,13.063636363636363,186.8181818181818,0.5238181818181818,591.7272727272727,0.34545454545454546,0.6818181818181818,0.08900000000000001,0.4605454545454546,17.363636363636363,True,1,0,0,0,0,0,0,0,0,0,0,0,0,0,0,0,0,0,0,0,0,0,0,0,0,0,0,0,0,0,0,0,0,0,0,0,0,0,1,0,0,0,0
willite01,2009.0,1987.0,198.0,2013422.0,10.162500000000001,175.5,0.46062499999999995,470.25,-0.4125,0.35,-0.022125000000000006,0.40512499999999996,58.375,False,0,0,0,0,0,0,0,0,0,0,0,0,0,0,0,0,0,0,0,1,0,0,0,0,0,0,0,0,0,0,0,0,0,0,0,0,0,0,0,0,0,0,1
williwa02,1992.0,1970.0,193.0,1784214.2857142857,14.62857142857143,869.5714285714286,0.5341428571428573,1821.857142857143,1.2571428571428573,1.8142857142857143,0.07928571428571428,0.4342857142857143,183.28571428571428,True,0,0,0,0,0,0,0,0,0,0,0,0,0,0,0,0,0,0,0,0,0,0,0,0,0,0,0,0,0,1,0,0,0,0,0,0,0,0,0,0,0,0,1
winslju01,2015.0,1996.0,201.0,2537580.0,8.3,349.0,0.444,1428.5,-0.55,1.75,0.023,0.389,91.5,True,0,0,0,0,0,0,0,0,0,0,0,0,0,0,0,0,1,0,0,0,0,0,0,0,0,0,0,0,0,0,0,0,0,0,0,0,0,0,0,0,1,0,0
wolfjo01,1987.0,1964.0,211.0,602510.25,7.975,374.75,0.449,1335.0,-0.675,0.7999999999999999,0.00425,0.4105,94.75,False,0,0,0,0,0,0,0,0,0,0,0,0,0,1,0,0,0,0,0,0,0,0,0,0,0,0,0,0,0,0,0,0,0,0,0,0,0,0,1,0,0,0,0
woodle01,1984.0,1962.0,190.0,171285.7142857143,14.928571428571429,283.7142857142857,0.535,640.4285714285714,0.8571428571428571,0.2857142857142857,0.10485714285714286,0.4238571428571429,108.14285714285714,True,0,0,0,0,0,0,0,0,0,0,0,0,0,0,0,0,0,0,0,0,0,0,0,0,0,0,1,0,0,0,0,0,0,0,0,0,0,0,0,1,0,0,0
woodsmi01,1980.0,1958.0,196.0,375000.0,17.5,1329.0,0.548,1998.0,3.0,1.2,0.101,0.496,143.0,False,0,0,0,0,0,0,0,0,0,0,0,0,0,0,0,0,0,0,0,0,0,0,0,1,0,0,0,0,0,0,0,0,0,0,0,0,0,0,0,0,0,1,0
woolror01,1981.0,1959.0,206.0,300000.0,19.55,1607.5,0.5840000000000001,2532.0,6.300000000000001,1.0,0.1365,0.5245,174.0,True,0,0,0,0,1,0,0,0,0,0,0,0,0,0,0,0,0,0,0,0,0,0,0,0,0,0,0,0,0,0,0,0,0,0,0,0,0,0,0,0,0,0,1
wrighan01,2005.0,1984.0,201.0,1712090.0,7.385714285714286,280.2857142857143,0.48857142857142855,987.8571428571429,-0.07142857142857144,0.6285714285714287,0.021714285714285717,0.41871428571428576,53.57142857142857,False,0,0,0,0,0,0,0,0,0,0,0,0,0,0,0,0,0,0,0,1,0,0,0,0,0,0,0,0,0,0,0,0,0,0,0,0,0,0,0,0,0,1,0
wrighbr03,2007.0,1987.0,211.0,3002923.2,16.7,151.2,0.553,364.4,0.62,0.28,0.11399999999999999,0.5210000000000001,10.8,True,0,0,1,0,0,0,0,0,0,0,0,0,0,0,0,0,0,0,0,0,0,0,0,0,0,0,0,0,0,0,0,0,0,0,0,0,0,0,1,0,0,0,0
wrighju01,2007.0,1987.0,203.0,2116714.25,12.975,226.75,0.52575,762.25,0.175,0.775,0.06399999999999999,0.503,45.5,False,0,0,0,0,0,0,0,0,0,0,0,0,0,0,0,0,0,0,0,0,0,0,1,0,0,0,0,0,0,0,0,0,0,0,0,0,0,0,0,0,0,0,1
wrighlo02,1996.0,1975.0,188.0,2890944.0,14.079999999999998,566.4,0.5050000000000001,1666.2,1.42,1.32,0.08159999999999999,0.4662,49.0,True,0,0,0,0,0,0,0,0,0,0,0,0,0,1,0,0,0,0,0,0,0,0,0,0,0,0,0,0,0,0,0,0,0,0,0,0,0,0,1,0,0,0,0
wrighsh01,1994.0,1973.0,211.0,2686666.6666666665,13.16666666666667,439.6666666666667,0.5076666666666667,994.1666666666666,-0.21666666666666665,0.6666666666666666,0.024166666666666666,0.4723333333333333,26.0,True,0,0,0,0,0,0,0,0,0,0,0,0,0,0,0,0,0,0,0,0,0,0,0,0,0,0,1,0,0,0,0,0,0,0,0,0,0,0,1,0,0,0,0
youngth01,2007.0,1988.0,203.0,3256748.4,16.619999999999997,906.8,0.5491999999999999,2033.8,2.62,2.32,0.11979999999999999,0.5104,79.4,False,0,0,0,0,0,0,0,0,0,0,0,0,0,0,0,0,0,0,0,0,0,0,0,0,0,0,1,0,0,0,0,0,0,0,0,0,0,0,0,0,1,0,0
